,Id,Rating,Review
0,1000092536,불만,검정색 샀는데 옆면이 우굴쭈글하고 가죽 질이 아주 별로입니다. 귀찮아서 반품 못했어요. 이런 구매평은 삭제되겠죠? 허탈. 
1,1000092536,불만,잘 받았긴한데.. 끈 매는 부분 연결고리가 너무 약해서 잘 다물어지지도않고.. 가방이 필요해서 사용하긴했는데 뒷면에 스크레치도 좀 나있고.. 실밥도좀..;;;; 실망스럽네요.. 
2,1000092536,불만,생각보다 별로입니다 반품 안된답니다 잘읽어보시고 주문하시길!!! 
3,1000128881,불만,옷은이쁜데 사이즈 미스 문의드리고 m사이즈 추천받아서 산건데 완전 크네요 짜증 
4,1000154667,추천안함,비추천 가격대비 비추천. 옷이 너무 얇고 비싸다는 생각뿐이네요 고민하시고 주문하셧으면 좋겟네요
5,1000154667,불만,내몸이 이상한건지.... 
6,1000154667,불만,생각보다 많이얇네요. 그리고 가격대비 품질이 별로입니다 이가격주고 사기엔 돈이아깝다는생각이네요 반품하면 반품배송비도 들고 그냥..입을지말지 고민중입니나 
7,1000171286,추천안함,허리가 넘 크다 저번에 사고 잘 안입게 되네요 허리가 너무 커서 앉으면 팬티가 보여요 스판기도 없어서 불편하도
8,1000171286,추천안함,ㄱ ㄴㄱㅈㄴㅂㅈㅂㅅㅂㅈㅂㅊㅂㅈㅂㅅㅈㅂㅈㄱㅈㅂㅅㅂㅊㄱㅈㅂㅈㄱㅌㄱㄷㅈㅂㅈㄷㄱㄷㅂㅈㅂ디ㅡㄴㅈㅂㅈㅂㄷㅂㅈ
9,1000171286,추천안함,사이즈큽니다 허리사이즈는ᆢ엄청크게나왔구요ᆢ 칼라도ᆢ화면보다훨씬밝아요ᆢ 핏도어정쩡해서ᆢ 그리추천하고싶지않네요ᆢ
10,1000171286,추천안함,가격합니다. 냄새 세탁해도 석유냄새가 안빠지네요 바지 핏도 ㅈㅔ가 생각했던 핏이랑은 다르구요 아주 날씬한사람만 예쁠수도
11,1000171286,추천안함,바지통 사이즈가 왼쪽과 오른쪽이 달라요 ㅋㅋㅋ 예민하신분들 참고하시길 ㅋㅋㅋ 혹시 내 다리가 이상한가 하고 대봤는데 바지 자체가 봉제가 잘못된듯해요
12,1000171286,추천안함,별로.. 사진이랑 완전 틀리구요 저런핏도 안나고 크고 별루네요.. 샀는데 전혀 입고 다니질 않아요ㅋㅋ
13,1000171286,추천안함,"추천은 못하겠네요.  바지색깔 예쁘고 찢어진 모양도 이쁘고 길이감도 좋아요.
허리 큰건 알고 있었으니까 그 부분은 문제제기 않겠는데
무릎 밑으로 재봉선이 비뚤게 박혀있습니다.
그래서 불량같다고 교환요청했는데 사진을 보내달라셔서 보내드렸더니
이정도가지고 불량교환 안된다고 하시네요. 일반교환하래요.
그럼 제가 5천원을 동봉해서 교환해야하는데 도착한 옷도 또 이럴 수 있다는 소리잖아요.
 사진 보내라고 하셨을때 옷을 입고도 찍고 벗고도 찍고 해보았는데요
허리선부터 틀어져있었습니다. 옷을 허리를 중심으로 반을 접으면 다리 두짝이 5센티 넘게 다르게 접혀요.
위에 사진도 보시면 무릎 밑으로 재봉선이 보입니다. .  저게 걷다보면 점점 더 틀어져요. 아오
 여기 사장님 이 글 보시고 확실히 불량이 맞으면 옷 다시 보내주세요.
교환처리하겠다고 하시고 몇날몇일 보복배송하실까봐 걱정되서 교환은 못하겠네요.
옷 보내주시면 저도 옷 보낼께요.
 아무튼 여러분 옷 사실때 참고하세요."
14,1000171286,불만,사이즈가ㅠ애매합니다 진ㅁ자 다리길고 마른분들만 사세요.. 
15,1000171286,불만,바지는 편하긴 한데 핏이 안예뻐요. 허리는 살짝 크고요 허벅지는 여유 있김 한데 두꺼워 보여요. 길이는 생각보다 짧고요. 복숭아뼈 살짝 위로 올라오는 정도 예상했는데 8부 길이네요 
16,1000171286,불만,생각보다 실물 색깔 별로 안이뻐요ㅜ 밑단도ㅠ 먼가 핏이 별로ㅜ 
17,1000171286,불만,칼라도ᆢ생각보다너무밝고ᆢ 허리사이즈가엄첨크네요ᆢ 귀차나서ᆢ그냥두는데ᆢ 입을지는ᆢ 
18,1000171286,불만,상품평처럼허리는너무크고 전체적으로밸런스가안맞아요 배송도십일넘게걸려서받고 정말최악이네요 
19,1000171286,불만,후..ㅂㄹ 비추 
20,1000171286,불만,화면같은핏은 절대아니네여 
21,1000171286,불만,허리가 왜케크지요 159 49인데 허리가 커서 자꾸 바지가 내려가요 s시켰는데 
22,1000171286,불만,다리부분 폭이 일정 
23,1000171286,불만,싼맛에 샀는데.. 지퍼불량이라 자꾸 내려가네요. 교환귀찮아서 그냥 입어요. 디자인만 깔끔하고 원단도 그렇고 마감도 그냥 싼티 나여~ 막입는 바지로 입으실분만 사세용 
24,1000189057,추천안함,"생각보다 별로예요 생각보다 별로예요~
너무 얇고 모양도 예쁘지 않은 것 같아요
자동 구매 확정 되서 그냥 킵합니다
 "
25,1000189057,불만,디게별로임 
26,1000189057,불만,사이즈가 많이 크네요 
27,1000189057,불만,"너무 얇고, 별로예요 자동구매확정되서 그냥 킵.. "
28,1000189806,추천안함,"너무 더워요 소재가 통기성이없어서, 지금입고다니기엔 땀이 너무차요. 생각보다 뚜겁고 흡습성이 없는 소재라고나할까요...."
29,1000189806,불만,안예뻐요 ㅠ 
30,1000189806,불만,별로에용.. 너무 얇고.. 냉장고바지랑 비슷한듯 ㅋㅋ 오랜만에 실망했네요 ㅎㅎㅎ 
31,1000189806,불만,19일날주문하고 월요일날발송해준다고하더니 25일날도착했네요 받았는데 실밥이 다풀려져있어요 ㅜ 
32,1000189806,불만,배송별로임 
33,1000189806,불만,원단이 너무별로네요....싸다고 생각해도 좀많이별로예요... 
34,1000189806,불만,허접하네요 반품 귀찮아 그냥 입을렵니다 
35,1000189806,불만,원단이맨질맨질해요ㅠ 
36,1000189806,불만,그냥그래요..옷감이 나일롱...ㅠㅠ 
37,1000189806,불만,옷감이 영... 
38,1000189806,불만,배송 느렸습니다. 제품은 재질은 맘에 드는데 발목부분이 너무 죄는데요.. 참고로 저 55입습니다. 발목이 두꺼워서는 아닌데.. 모델핏처럼 입으려면 L시켰어야하나봐요. 
39,1000195615,불만,정말 배송 꽝입니다2~3주 걸린거같아요 그냥 잊고있으면 와요 셔츠만큼 엄청 얇아서 이미 계절이 가버린듯. 진짜 얇아요..ㅡㅡ;;; 
40,1000197463,추천안함,하루신고 위쪽가죽이 크릭이 가서 하루신었는데 위쪽 가죽이 크릭이 가서 그대로 모셔놓고 못신고있습니다.ㅠ 어찌해야할까요? 색깔은 맘에들었는데
41,1000197463,불만,볼이 엄청타이트 편하진 않아요 
42,1000197463,불만,와 발이 이렇게 아플수가없네요. . 편하다는 평보고 한치수 크게 주문했는데도 새끼발가락이 넘아프고 볼이 엄청 좁게나왔네요. . 발바닥은 어찌그리 딱딱한지. . 신고나왔다가 지금 발 
43,1000200631,불만,사진올리는구매후기는안되나보네요 검정마음에들어서그레이도주문한건데 왼쪽등부분에얼룩이묻어왔고소매부분박음질도두줄이엉키어서박음질돼왔네요 교환귀찮아서참네요 누가입어보고반품한거보낸건가요? 
44,1000200631,불만,어깨부분이 붕터서 이상해요ㅡㅡ. 상품평좋아서 기대했는데... 실망이예요ㅠ 
45,1000207974,추천안함,완전허접.. 만원짜리같음.. 뚜껑도 딱 안붙어서 들썩거리고 쭈글쭈글하고 줄도 어설흐게 끼워져있어서 가방이반듯이 각이 안나오고 울룩 불룩함 에고 42000원이라니 돈아까움..
46,1000228078,불만,배송이 매우 느림 
47,1000228078,불만,일단 배송 무지 오래 걸렸구요.. 늦어진다는 메시지도 늦게 왔구요. 사진보다 옷이 덜 이뿌네요. 마라서 시원은 허겠는데 저가형이라선지 마가 마니 거칠어서 피부가 좀 따가워요.. 
48,1000228078,불만,엄청 늦게 왔네여 기대한만큼 보니 잘 와닿지는 않습니다. 노란빛이 도는 베이지구요 꼭넣어서 입어야될꺼같네요 
49,1000228078,불만,완전 까칠한 재질에 펑퍼짐해보여요(저 55임) 사진에 속앗어요.. 
50,1000228078,불만,색이 어둡고 화면과 많이 다르네요 
51,1000231965,추천안함,...실망 배송이너무빠른것도아니였고 상품은사진이낭 달라서 좀놀랬어야 가격에비해 제품이 하자인듯... ㅎ
52,1000231965,추천안함,회베이지 구매 옷만자세하게 안보여준 이유를알것같애요 주머니부분은과 지퍼에달린끈도 . . .참. . .저렴한가격에구매했는데 그가격보다 더저렴한느낌이네요ㅜ
53,1000231965,추천안함,브로니야상 사진으로 보니 정말 예쁘더라구요... 근데 막상 받아보니 실망했어요. 옷이 야상이긴 하지만 너무 벙벙합니다.
54,1000231965,불만,후기가좋아서구매했더니..무슨 푸데자루같아요ㅠㅠ 
55,1000231965,불만,생각보다 너무 별로 인것 같아요. 마른분이 입으면 정말 볼품없는 옷?그런 옷인가 같아요 
56,1000231965,불만,길이 어정정 통 어정정 반품할려다 귀잖아서 쳐박아둠 
57,1000231965,불만,색상이 사진엔 쵸코색인데 카키 맞아요 쵸코색을 왜 카키일까 의문이들었지만 색상이 원했던 색상이 아니라. 그래도 옷은 이쁩니다. 그래서 그냥입어요 
58,1000231965,불만,가격대비 별로임. 반품 귀찮아 걍 걸어둠 ㅜㅠ 
59,1000231965,불만,사진이랑 많이 다르네요... 
60,1000231965,불만,너무커서 완전 대형 우의같아요 가격대비 이쁜옷도 아닌듯 상품평에 불만하기 처음 
61,1000237067,추천안함,포장충격 포장상태 정말별로에요 선물한다고 까지말햇는데 이런데는또처음이네여 처음구매했는데 너무실망이요
62,1000237067,불만,입기는하겠으나 (아마 잠옷) 좋은 상품은 아니네요. 밖에는 못입고 나갈듯. 
63,1000237067,불만,찢어진 부분이있네요 
64,1000237067,불만,아니 기본포장도제대로안되있네요 그냥바로택배포장하시면어떡하라는건지 ..선물할껀데 옷에흰먼지가득이고 이렇게 바로 포장뜯자마자 옷있는건처음이네요 투명으로한번더감싸줘야되는거아닌가요 
65,1000237067,불만,역시 작네요 
66,1000237067,불만,사이즈도 여쭤보고 구매한건데 작아요 카키색상은 주머니가 트더진 상태로 왔네요 
67,1000237067,불만,쫄바지... 
68,1000237067,불만,187cm인데 xL 넘 작아서 다른사람 줬네요 아으... 
69,1000237067,불만,색상이 모니터에서보다 더 어둡고 좀 칙칙합니다. 
70,1000237067,불만,ㅣ딛ㄱㅌㄱㄷㄱㄷ 
71,1000237067,불만,싹ㄷㄱ닛ㄱ 
72,1000244049,불만,별로입ㄴ다 
73,1000244049,불만,걍집에서입을용ㅋㅋ 
74,1000245322,불만,별로예요ㅜㅜ 
75,1000245322,불만,어정쩡하니 좀.. 
76,1000245322,불만,두 색다 샀는데 실망입니다 너무 얇고 사진같은 핏이 아니예요 근데 배송 빠른건 좋네요 칼배송임 
77,1000245322,불만,음.... 얇은거 신경 안쓰고 입는 스타일인데.. 이건뭐~~ 좀 ... 싼값에 주고 삿지만..싼 티가 확~ 얇고 비치는데다가..옷이 곧 찢어질듯한? 주관적인 견해입니다. 
78,1000248983,추천안함,완전 최악이네여 이돈주고 계속 쓰느니 배송비 물고 반품하려 했는데 텍 제거해서 어쩔수없이 가지고는 있습니다 진짜 좋은 제품 아니고선 사진올리고 상품평 안쓰는데 뜯자마자 싼티에 놀랐는데 이게 가죽 같다느니 하는 소리가 이해가 안가서 올려요 냄새도 엄청 심하고 도저히 들고 다닐수가 없네요
79,1000248983,추천안함,음... 넘 길쭉하고 커서 한번도안매봄 산지두달된듯ㅠ에휴 키170은되야 이쁘게맬듯 아님 힐신거나.. 편하게 운동화차림으로는 맬수있는핏이아님 글구 밝은데서보면 가죽이 넘 싼티..ㅠㅠㅠ
80,1000248983,불만,씨구려도 이런 싸구려가 없네요 
81,1000248983,불만,다른곳 보다 비쌈 
82,1000248983,불만,이걸 어떻게 메고 다니라는건지 모르겟어요... 걍 천 거적떼기임 
83,1000248983,불만,배송도늦고 가방도 구겨져있고 싼티나요 반품귀찮아 걍 쳐박아뒀어요 
84,1000265922,추천안함,싼게비지떡 이건 커도커도 너무 큽니다 스몰샀는데 주먹두개가 다들어가고 전체적인 품도 장난아니게 커요 다들 각설이 바지냐고 해요 싼게 비지떡이네요
85,1000265922,추천안함,"역시나.. 저렴한 가격이라 구입했는데... 
 엉덩이 부분이랑 허리 부분이 불편하네요 특히 앞쪽은 움직임이 부자연스럽습니다. "
86,1000265922,추천안함,"별로 싸이즈도 엉망이네요, 반춤하려다그냥 아는동생줫어요.., 싸이즈표기가 너무작고, 별로엿어요.."
87,1000265922,추천안함,"찢청 저렴하고 유행하는 바지라 구매했는데 품도 크고 뭔가 허술해요~수선비 들어 고쳤는데, 안 이쁘네요~ㅠㅠ"
88,1000265922,추천안함,"실망 저렴한 가격에 핏이 이쁜것 같아 구매했는데 
저나 중학생 제딸이 완전 실망.ㅠㅠ
일단 밑위위 부분 즉 아랫배 쪽이 너무 크고 허리는 작고 신축성은 없고,
정말 여름에 입기엔 최악의 바지입니다.
반품 안되는 이유가 있었네요.
사진하나 잘 찍어놓고 아니 그 바지가 맞는지도 의심스럽습니다만,
반품 안시켜주는 이유를 직접 바지를 받아 본 사람들은 다 알겠죠? 상술 대단하십니다.
   "
89,1000265922,추천안함,비추비추 화면과 다르게 밑위가 길어요 그래서 뒤태도 안 이쁨 반품비 아까워서 걍 상의 길게내서 가려입으려구요
90,1000265922,불만,지들이 배송 잘못해놓고 사과도 없고 연락도 없고 무려한 달을기다려받게됬는데 이런 구린바지는 처음봄 왜 이가격인가했네 근데 그가격도 아까움 진짜 구린바지 배송 제품 고객응대 구림 
91,1000265922,불만,바지도맘에안들고 배송도 맘에 안들고 
92,1000265922,불만,"3번 연찢청 신청했는데,, 이게 무슨 연청인가요? 화상도에 따라 다르겠지만,, 제가 아는 연청은 확실히 아닙니다. 교환 환불안된다해서 그냥 뒀어요 "
93,1000265922,불만,십몇년동안 인터넷 쇼핑하면서 산 옷 중에 제일 별로네요. 핏도 진짜이상하고 연청샀는데 색은 진청에 가깝고 특히 배송문제가 심각했네요. 타임특가라서 환불도 안되고 정말 별로입니다. 
94,1000265922,불만,3월9일 주문 배송이 17일 배송도 느리고 확인도 안돼고 글남기니 하루뒤 배송댄다고하고.. 옷은 딱 가격만큼 
95,1000265922,불만,허리나 엉덩이 부분이 편한 스타일은 아니네요..ㅠㅠ 
96,1000265922,불만,상세사이즈보다 훨씬큰것같네요 
97,1000265922,불만,스판끼가없어서 불편하고 사이즈도 잘 안맞네여ㅠ 
98,1000265922,불만,"신축성이 좋은데.., 금방 무릎이 나옴,.. 그냥 그값어치만 하는 상품임,, "
99,1000265922,불만,"지퍼부분리 맞지않아요. 지퍼가 움직이기도 힘들고, 맞지않아서 올렸을때 길이가 다릅니다. "
100,1000273827,추천안함,물빠짐 네이비구매했는데 구입해서세네번정도는적어도입고세탁한것같은데.. 아직도물빠짐이장난이아니에요.. 진짜다른옷에다물들정도랍니다.. 이건반품해주셔야하는거아닌지.. 문제가있네요
101,1000273827,불만,반품하고싶어요ㅜㅜ 
102,1000273827,불만,넘 소매가 넘 크고 뚱뚱해 보여요 반환귀찮아서 그냥 입습니다 구매평 참고를 많이 하는데 ~다른구매하실분 고민해보세요 
103,1000273827,불만,생각보다 작아요 
104,1000273827,불만,옷감이 덥고 싸구려소재로 보여요 
105,1000297027,추천안함,이상해요 옷을 잘못만드셧어요 가슴부분이 너무 작아서 찡기고 답답한데 모델은 가슴이 진짜없나봐요 배송도 심하게 느리고
106,1000297027,추천안함,별로네여 옷 생김새는 나쁘지 않은데 배송이 너무 안와서 전화를 거니까 그제야 배송지연된거라고 알려주고; 거의 일주일 만에 받아본 옷은 집에서 입어 보다가 가슴 부분 조금 찢어졌어요 아주 마른 분들 아니시고는 다 작을듯 해요
107,1000297027,불만,여름휴가 갈때입으려고 샀는데 배송이 늦어져서 취소하려다가 그냥 받으려고했다니 배송도 2주나 늦게오고 가슴있는데가 다 트어져있어요ㅡㅡ 환불해줘요 
108,1000297027,불만,치마 밑단 마감 엉망. 끝부분이 바깥으로 뒤집혀있음 어깨끈부분 마감상태도 실 부분이 풀려서 엉망이고 왠만하면 수선해서 입겠는데 디자인만 예뻤지 다른건 정말 별로네요. 화납니다 
109,1000297027,불만,디자인은 예쁜데 가슴 부분이 진짜 이상함ㅡㅡ 받아보고 입다가 찢어짐요ㅡㅡ 박음질 상태도 엉망이고 반품하고싶지만 제가입다가 찢어진거니 걍 버립니다 
110,1000297027,불만,옷은 예쁜데 입기 불편하고 박음질 엉망.반품하기귀찮아서 그냥입으려구요 
111,1000297027,불만,배송도 사전 연락없이 느리고 옷도 뭐... 
112,1000337379,추천안함,냄새가 역해요 냄새빠지라고 통풍되는곳에 한달반 걸어놓은사람입니다냄새 절대로 안빠지고 냄새역해서 못들고 다님 판매자분은 많은분의 의견 반영해서 이런거 팔지마세요 디자인만 괘안음 뭐합니까 상품가치 제로인데 들고 다녔다간 옆에사람이 냄새나서 욕할까봐 못들고 다니겠어요
113,1000337379,추천안함,"냄새 좀 어떻게 해주세요 가죽냄새인지 묵은냄새인지 심합니다.
사람들이 이상한냄새 난다고들하네요.ㅠㅜ
 바느질도 솔직히 좀 보기 안좋습니다."
114,1000337379,추천안함,좀심하네요 받고 안에확인 못한 내잘못도있지만 안에 본드천지로 발라져있고 안에 천은 다미어지고 딱 두번들었습니다. 안에 많이 넣고다니지도않았구요 좀심하네요 1.2만원짜리도아니고 A/S됩니까이거?
115,1000337379,추천안함,ㅠㅠ 디자인은 괜찮지만 냄새가 정말 고약하고 쉽게 빠지질 않네요 그리고 시간이 좀 지나니 뒷면이 색이 바랜거처럼 이상해서 못들고 다니겠어요
116,1000337379,불만,디자인이 이뻐서 10월에 구매했는데 가죽냄새+동물의 역한냄새가 나서 여지껏 걸어놓고 못들고 다닙니다 빠지겠거니 하고 널어놓은게 한달반... 구매하실분 신중히 결정하세요 
117,1000337379,불만,가방에서 가죽냄새인지 묵은냄새인지 너무 심합니다. 
118,1000337379,불만,제품은 이쁘고 맘에 들지만 배송이 지연되고 넘 오래걸린것이 불편햇네요 
119,1000337379,불만,"마무리가 허접해 아쉽네요.바탕 스웨이드 끝단들이 너덜너덜하고 긴 끈은 사진과 달리 가죽을 여러조각 이어 만들어 도저히 사용불가ㅠ마무리에 비해 좀 비싸고,반품은 귀찮아 안하려구요~ "
120,1000337443,불만,촌스럽네요 
121,1000337443,불만,배송 너무 느려요 며칠뒤에 시킨 상품이 훨씬먼저 도착했어요 
122,1000337443,불만,회색이 더 나을 뻔 했어요 ㅡㅡ; 그리고 배송이 너무 늦네요 
123,1000343934,추천안함,별로 아 사자마자 멜빵 버튼 부분 떨오ㅓ져서 나와서 엄청 고생했네요 혹시 이거 에이에스 되나요?
124,1000343934,추천안함,개사기 멜빵 개사기 멜빵끈 그냥 걍 끊어지고 진짜 이딴걸 옷이라고 파냐ㅡㅡ 와 진짜 쪼팔려 디지믄줄 양심좀 챙기자
125,1000343934,추천안함,"넘 실망했음   2월 말에 M주문하고 엄청 만족해서 상품평에도 그리 썼을꺼에요 (제가 썼던거 나옴)
  가족이 제거 보고 넘 맘에 들어해서 L사이즈로 추가 주문을 했고
 주문 폭주라면서 3주보다 더 걸려서 기다려 받았습니다만
  완전 비교돼요. 핏이 완전 다르구 찢청 느낌도 되게 다른 찢청...
 리오더 들어가고선 원가절감하려고 어찌 바뀌었는지 원단 수급이 안된 건지 모르겠는데
  예전 M이 섹시한 스키니+배기 느낌 났었다면 지금은 진ㅉ ㅏ어벙벙한 마리오바지임
 걍 입을 수 있다그래서 반품안하지만, 실망했어요.  "
126,1000343934,추천안함,새제품이 맞는지.. 3일에 주문해서 11일에 받았어요. 165라서 M주문했는데 롤업 안해도 이미 9부;; 옷에서 수영장냄세?너무 심하게 나고 안쪽 라벨은 이미 10년 입은 상태..일부러 라벨을 구제로 제작하나.
127,1000343934,불만,길이도 딱이쁜데 위에 어깨끈이 좀 부실해요 허리도 펑퍼짐해보이구요ㅠㅠ 그리고 옷에서 너무 락스냄새가 심하게 나서 한번 세탁하고 입어야될거같어요ㅠㅠ 
128,1000343934,불만,"일단 배송기간 2주넘었구요.기다리다 기대엄청하고 받았는데요 일단 색상부터 너무나도 다르구요. 길이도 많이 짧아요.,제가 삐뽕언니 옷 좋아하는데 이건 정말 아닌것같네요.실망했어요. "
129,1000343934,불만,배송이나 디자인 나쁘지는 않지만~ 어깨 고리쪽 민망할 정도로 정리가 엉망 입니다! 살다살다 이렇게 지저분한 마무리는 처음 입니다..저렴한 옷은 뻔하다 그런 느낌만 또 받아요!! 
130,1000343934,불만,무슨 냄새인지는 몰르겟지만 냄새가 너무 많이 나네요 신경 좀 쓰세요 
131,1000343934,불만,원래 샀던건데 살이마니빠져서 s로구매했음 배송느림ㅡㅡ 
132,1000343934,불만,완죤 낚었다ㅡㅡ 입고 외출하자마자 멜빵 한쪽 단추가 훅 떨어짐 수선비 더 들겠다 
133,1000343934,불만,어찌 어정쩡. . 귀찮아서 걍 입서요~ 
134,1000343934,불만,배송이느려요디자인은 괜츈 
135,1000343934,불만,배송 끝장나네요 
136,1000343934,불만,허벅지부분이 끼여요ㅜㅜ 
137,1000348869,불만,"배송도 빠르고 친절해서 좋았는데 신발은 깔끔하지않아서 좀 실망했어요,, "
138,1000351344,불만,단추가 없이 와서는 보내준다 보냈다 말만하고 보내주지 않아서 치바 받고나서 한참늘 못입음 아직도 못입음 ㅡㅡ 
139,1000356504,추천안함,"색상이 그레이와 차이가 없어요. 제가 같이 주문한 그레이와 같은 색상이 온줄알고 계속 쳐다봤네요.
그만큼 차이가 없습니다.
다른건 좋은데....차콜은 실망이네요. "
140,1000356504,추천안함,흠 이건 뭔가요.. 잠시 앉았다 일어났을 뿐인데 ㅠㅠ 바지가 찢어졌네요 마감처리가 안되었는지 모르겠지만 한번 입었는데 이건 아닌거 같네요 ㅠㅠ
141,1000356504,추천안함,별로 사이즈 및 재질 은 딱 가격대 정도 인것으로기억합니다 그냥저냥 전 생즈가 안맞아서
142,1000356504,추천안함,그돈으로 차라리 딴 옷 사서 한번을 안입고 있내요 저는 개인적으로 별로 입니다. 싼거 찾다가 돈만 버린거 같아서 아쉽네요 원단 디자인 다 저랑 안맞아요 
143,1000356504,추천안함,안살래요 다음부턴 원단도 별로고 싸이즈도 M하면 작고 L하면 크고 한번 교환햇는데 괜히 삿다는 생각드네요 다음부턴 이용하지 않으려구요 
144,1000356504,추천안함,둘다라지인데 사이즈가 다름 ㅋㅋㅋ 둘다라지인데 사이즈가 왜다르죠 ㅋㅋㅋ 색갈별로 사이즈가 다름 반품할가하다가 수선해서 입어야할듯
145,1000356504,추천안함,솔직히 솔직히 말해서 가격 그대로임 블랙 그레이 둘다 라지로 시켰는데 사이즈 둘다다름 그냥 감으로 옷을만들었나봄
146,1000356504,추천안함,원단이 안 좋아요 실외에서는 무단한거 같은데 백화점 조명 같은 곳에서 반짝이는 싼티가 나서 좀 안 좋아요 ㅠㅠ
147,1000356504,불만,잘받았습니다. 
148,1000356504,불만,생각보다는 별로였음 
149,1000356504,불만,배송이 넘느려요 
150,1000356504,불만,최악입니다. 배송3주걸렸네요. 하고싶은말은 많지만. 싼게 비지떡이라고 제잘못이겠죠. 
151,1000356504,불만,너무 늦게 받았네요 
152,1000356504,불만,차콜이 사이즈가 좀 작네요 
153,1000356504,불만,같은 S사이즈로 두개 샀는데 입어보니 두개의 사이즈가 틀리네요...;;; 반품할려다 귀찮아서 작은거는 버리거나 누구 줘야 할거 같습니다. 
154,1000356504,불만,사이즈 불만족으로 반품 처리 품목 
155,1000356504,불만,바지에 실밥이 티어니와있아요 
156,1000356504,불만,배송이 넘느려요 
157,1000358609,불만,여태 신발 구매하면서 비닐에 넣어 보내는 곳은 이곳이 첨이네여ㅜ 신발 보관하기두 불편하게 케이스도 없이 보내는것은 좀 아닌듯하네여 사구려 운동화도 박스에 포장해서 보내주는데.. 
158,1000360746,불만,재질이 너무 싼재질이고..곰팡이냄새도 납니다..ㅜㅜ가격대비 질이 너무 떨어져요..사진은..카메라빨인듯.. 
159,1000360746,불만,가방은 가격대비 괜찮으나 배송이 한달이상 늦어져 너무 오래 걸렸네요ㅠ 
160,1000360746,불만,배송이 세상 오래걸림 한달넘게 기다렷네요 이런적 처음이라 많이당황스럽구요 많이기다려도 그냥 상품만 덜렁있네요 상품은 만족하지만 배송이.. 
161,1000360746,불만,상품의 품질을 떠나서 주문한지 두달만에 받았네여 
162,1000360746,불만,대박 짜증나요 곰팡이냄세 지독하게 심해서 받자마자 세탁기에돌렸어요 널라고보니 프린팅대박 불량이에요 잘안보이면 그냥맬텐데 누가봐도보이는 앞쪽이구 보내실때 왜못보시고 보냈을 까요 
163,1000360746,불만,생각보다 허접하네요 수납공간 구분도 안되어 있고.. 
164,1000368240,불만,이거 입으면 공사장에서 열심히 일해야될듯 
165,1000368240,불만,옷은 정말 이쁜데 박음질이 잘 안되었네여 ㅠㅠ 
166,1000371211,불만,실제로보고 사는거엿으면 안삿움 
167,1000371211,불만,3주나기다려서 기대하며받았는데 여는순간 냄새가... 하수구에박혀잇다가온건지 걸레썩는냄새 작렬 몆번을세탁해도 냄새가안빠져요.완전 실망정도를넘어섯어요 
168,1000377826,추천안함,별ㄹ입니다 별로입니다 별로입니다 별로입니다 별로입니다 별로입니다 별로입니다 별로입니다 별로입니다
169,1000377826,불만,배송이 일주일걸린거 빼곤 질은 좋아요 길이가 크롭이라 짧긴합니다 그냥은 몸이 다 보일 듯 
170,1000377826,불만,별로입니다 
171,1000385877,불만,사진빨이구만 
172,1000385877,불만,엄청 작아요 44-55라긴하던데 그냥 44인듯요 나만작은가;; 
173,1000387146,불만,너무 늦게왔어요.. 
174,1000387146,불만,본드칠도엉망이고 딱봐도 싸구려같네요 반품하기귀찮아 아는선물줄려그요 제조국먼저보고사는저로선 굉장히불쾌하네요 
175,1000387146,불만,제조국이 국산아닙니까 언제부터차이나가국산이었습니까 이신발더저렴한곳있었지만 차이나제품이라 여기서 구매햇는데 신발바닥부분에 아주크게 메이드인차이나라고 딱써진건뭡니까 본드칠도 
176,1000398848,불만,사진이랑 같아여 배송은 연락도 없이 집앞 편의점에 맡겨둬서 보람뒤에나 찾았네여.잃어버린줄 알았네 
177,1000398848,불만,베이지칼라..까지는 이해합니다 화이트인줄알았는데 화면상 약간다를수 있으니까요 근데이건 완전완전 딥딥~베이지네요ㅠ 
178,1000404553,불만,정말 실망스럽네요. 비추입니다. 
179,1000407744,추천안함,별루 별루에요 너무 크고ㅠ별로입니다 다시반품해야함 거지같이 너무 큼 돼지도이니고내가 으으으으어오이이
180,1000407744,불만,별루여별루 
181,1000412225,추천안함,재질이ㅠㅠ 재질리 별로에요 ㅠㅠ 맨들맨들한 재질 ㅠㅠ 저만 모르고 구매했나여? 약간 추리닝 느낌에 재질이에요~~~
182,1000412225,불만,지금 시기에 입기딱조아요~~ 
183,1000412234,불만,배송이 정말정말 늦었어요 
184,1000412234,불만,"냄새가 너무 심해서 받은날 바로 세탁했는데, 단추는 원래 열고만 입는것인지 어디가고 없네요. 모델은 분명 채워서 입고있는데 호호. 기분산뜻하고 느무 조아용 "
185,1000412234,불만,"똑딱이가 하나 없는 옷이 옴;;;; 배송도 엄청 오래 걸렸는데,,, 옷 좀 신경써서 보내주세요~ "
186,1000412234,불만,배송 진짜 느림 
187,1000412234,불만,먼저 배송이 25일 걸렸어염… 색깔두 화면이랑 많이 틀려여…노란끼가 많답니다 기다린 보람이 없네여 
188,1000412234,불만,배송이.. 일주일넘게걸렸어요ㅜㅜ 
189,1000412234,불만,솔직히 요건 민트색은 아님...왔는데 너무 누래서 놀랬습니다 .. 꼭 민트색옷을 장농에 몇년 묵혔다가 다시 꺼내입은듯한?... 온게 아까워서 그냥 입어요 ㅠ..빛빨에 속지는 마시길 
190,1000412234,불만,주머니부분단추가안잠겨요 
191,1000412253,불만,팔이짧아요 
192,1000414861,추천안함,안이뻐요 사진과 다르게 많이 오버핏이에요 안에 재질은 까실까실해서 느낌 안좋아요 알러지 있는 분들은 못입을거 같아요
193,1000414861,불만,상품평 좋아서 샀는데 왜 상품평이 좋은지 모르겠어요 오랜만에 인터넷에서 옷샀는데 후회되네요 배송은 빨랐지만 비추에요. 
194,1000414861,불만,생각했던거보다 색이 진해서 당황했는데 뭐싸니까....타이포그래피되있는곳 마감이 좀 헐랭한데.... 싸니까... 
195,1000420135,불만,생각했던 라인이안나오네요ㅡㅡ 허리선이 넘 밑으로되어있어 어정쩡합니다. 제맘엔..좀 아니네요. 
196,1000420135,불만,기존 옷이랑 비교해서 낙낙할줄 알았는데 막상 입어보니 끼내요 통통 66 보통 77 입는데 디자인은 맘에드는데 어찌해야 할지 모르겠어요 가만히 있으면 괸찮은데 움직임이 불편합니다 
197,1000420826,불만,냄새가 너~~~~무 많이 나요 ! 세제 넣고 빨았는데도 냄새가 가시지않고 구김이 많이 가네요 
198,1000420826,불만,박음질이 잘 안 됐는지 받자마자 한 번 빨았을 뿐인데 지퍼있는부분이 터졌네요. 세탁한 거라 반품도 못 시키겠고... 다른 사람에게는 제대로 된 상품 보내시길 바래요...ㅡㅡ;;; 
199,1000428961,추천안함,어떻게 믿고 옷을 구입할수있을까요..... 사진을 보고 반해버리고 착한가격에 또한번 반해 냅다 질렀는데 받고나서 이 실망감이란... 말로.. 표현할수가없네요.. 옷을 팔기만하고 만들지는 않는다지만 멀쩡한지 확인도 제대로 하지않고 보내다니... 장사 한두번하나ㅡㅡ 아무리바빠도 불량이 있을지도 모르는데 살펴보고 보내야하는건 아닌지... 결국 교환해주시긴했는데... 왠걸 이것도 하자있음... 다행이 그전꺼처럼 심한건 아니라 걍 입을라고 합니다만 싼게 비지떡이란말을 할수밖에 없군요ㅜㅜ
200,1000428961,불만,다신 여기 구매하지 않겠습니다.. 서비스가 엉망진창이니다... 
201,1000428961,불만,처음에 카키색을 샀는데.. 화면이랑 너무도 다른색이 왔습니다. 옷소재나 뭐 이런건 괜찮았는데 화면은 밝은카키지만 집에온건 어두운 국방색카키 남편이 보더니 그지냐면서.. 후. 
202,1000432487,불만,완전 싸구려 원단으로 만든거네요. 이런 옷을 어떻게 파시는지.. 돈이 너무 아깝네요. 
203,1000432487,불만,주머니 안감 한쪽이 완전 엉망진창으로 마무리되서 손을 넣으니 손이 반도 안들어가지네요. 다 튿어서 새로 박아야될듯싶네요. 수선비까지 이중으로 돈들게 생겼어요. 
204,1000432487,불만,주머니가 터졌어요.확인도 안하고 보내시는게 좀그렇네요. 
205,1000432487,불만,배송은 빠르고 완전 좋아요 근데 옷이 쫌 생각보다 많이 구겨저있고 왼쪽주머니에 구멍이 나있어요 박음질을 제대로 안했는지 새옷인데 주머니에 구멍나있어서 좀 그렇네요 
206,1000453612,추천안함,짧아요 기장이짧아요 ㅜㅜ 생각보단별루입니다. . 겨울용인데ㅎ 칠부바지인가봐요. . ㅠㅠㅠ. . 다리가 긴편도아닌데
207,1000453612,불만,사이즈가너무크네요 
208,1000453612,불만,제가 생각했던 핏이 아니에요.. 저한테 사실분.. 
209,1000453612,불만,택배사를 바꿔서 더 번창하시길바랍니다 택배온다고 점화한통없이 그냥 집앞에 떤져놓고갔네요 
210,1000453612,불만,받지못한 택배 7일날 배달완료라 먼가 싶엇는데 택배기사연락해밧더니 너무 늦어서 배달을 안했다네요 어이상실 아니ㅜ배달 안한걸 완료라니 상식적으로 말이 안되지않나요 
211,1000460280,불만,진짜 무슨 수입 브랜드도 아니고 이주넘어 옷받긴 첨이네요 
212,1000472935,불만,블랙시켰는데 네이비가 왔네요 니트랑 같이 시켰는데 니트부터 온다 싶더라니 
213,1000472993,불만,별로않조아 
214,1000472993,불만,배송도느리고 실밥마감도 지저분해요.. 
215,1000472993,불만,제품은 괜찮으나 배송이 많이 늦음 
216,1000472993,불만,사진이랑 완전틀림 
217,1000472993,불만,배송이 너무 늦어요 
218,1000472993,불만,바느질 상태 많이 불량합니다. 좀더 세밀한 검수 필요합니다. 직접 꾀매 입기로했습니다. 
219,1000472993,불만,기장이 마니 짧음 
220,1000472993,불만,바지는 좋은데 배송이 너무 늦네요 
221,1000472993,불만,마감처리 미숙 실밥 너덜너덜 다리길이 짧음 
222,1000480771,불만,L사이즈 인데 너무 작네요. 배송도 너~~~~무 느리구요 
223,1000480771,불만,핏 완젼좋게보이면서 크고 우이씽 칭구들없어보인다구 나빠요ㅡㅡ 칭구한테팔기루했어요 
224,1000480771,불만,배송도느렸는데주머니가구멍이났 어요 반품도귀찮아그냥입긴하는데완전심기불편 
225,1000480771,불만,제질도별로고 주머니는 왜한쪽은뚫려잇고 한쪽은 박음질대잇고 반품귀찮아서 주머니 뜯어버림 
226,1000480771,불만,배송 너무 늦요 
227,1000482398,불만,헐~~~ 무슨냄새...석유냄새? 싸구려 털실냄새 울조끼? 절대아님 반품하기 귀찮아서 그냥 버릴정도임 
228,1000482400,불만,싼티작살~~~ 
229,1000482400,불만,따뜻한데모양이별로예요 
230,1000487340,불만,허..이건 완전 솜뭉치 느낌인데요..가격대비 너무 헐렁한거 아닙니까 
231,1000487340,불만,사진엔 솜이빵빵해보였는데 ㅡㅡ;반품 귀찮아서 기냥 놔두고입습니다 완전속았네요 
232,1000508698,불만,옷이 정말 크네요 
233,1000521912,추천안함,별로요 저는 별로네요 사진과 다르게 너무 저렴한 티가 나서 ㅡㅡ 잘 안신어지네요 ㅡㅡㅋ 아까워요 ㅡㅡ
234,1000521912,불만,그냥그래요ㅠㅠ 이쁘지않음 
235,1000521912,불만,주문한지 한달이 다되가는데 신발이 여전히 아파요~ 일부러 아픈거참아가며 늘려놨는데도 참 불편한신발~ 같이주문한 동료들도 안신더군요 아프다고~ 한사이즈크게 주문해도 이럼~ 
236,1000521912,불만,신발은 디쟌은 이쁜데 발이 너무아파요~ 발가락도 아푸고 발바닥도 신고나면 불나요~ 비추예요 
237,1000521912,불만,편하다는 구입평보고 구입했는데 진짜 불편 정사이즈보다 적게나왔는지 꽝끼기네여 진짜 불편그자체 
238,1000521912,불만,정사이즈 하면 안될것 같네요 정사이즈로 주문했다가 너무 작아서 동생줬어요 
239,1000521935,불만,아무리 저렴이 신발이라지만.. 상자가 너무 구겨져서 왔어요 버릴려던 상자에 보낸 거 마냥 
240,1000522124,불만,색깔이 화면이랑 다르네요. 이 가격에 당연한 거겠지만 앙고라 절대 아니구요. 좀 뻣뻣해요. 가격대비 불만족이예요. 
241,1000523153,불만,불랙이랑그레이사이즈가다르네요. 
242,1000534011,불만,웬만해서품평도안쓰는데이옷은정말넝수하네요~상품평이너무좋아서기대했는데도대체옷의가장자링소든부분이가위질하고난뒤뒷처리전혀없이부직포잘라놓은듯한단면에윈단실밥이뭉쳐서참....고급스런원단인데옷은ㅇ 
243,1000537380,불만,신발 옆부분이 터져있어요 어떡하나요 ㅡㅡ 
244,1000537634,추천안함,실망 털날림도심하고옷도넘부해보이구실망입니다 가격대가그렇게저럼한거같지도않은데말입니다 좀더신경써주셨으연하네요
245,1000537634,추천안함,사기당한기분입니다. 11월달에 제가 구매했고 제가 입은 것을 보고 동생이 1월2일에 재구매했었습니다. 동생집이 멀어 물건잘받았겠거니 했는데 지금 1월 25일에 동생집와서 옷을 보니 표정이 일그러졌습니다. 원단값을 아끼시려 하셨는지 옷길이가 눈에 띄게 줄어있더라구요. 제가 샀던거는 정말 지금 게시된 사진들과 똑같습니다. 허벅지길이까지 오며 목부분도 널널하니 이뻤습니다. 근데 동생옷을 보니 엉덩이는 가까스로 덮고 목부분은 너무 좁아 머리 넣기도 힘드네요. 입고나면 털은 두터운데 목은 졸리니 정말 불편했습니다. 만약 이렇게 옷의 디자인적인 요소가 변경됐었다면 주의글에 안내라도 해주셔야 하는거 아니니가요? 아니면 코디사진을 변경된 옷으로 코디된 사진으로 보여주셔야 하는 것 아닌가 싶네요. 인터넷 옷은 말그대로 사진만 보고 소비자들이 판단하여 구매하는 것인데 이번건 판매자 분의 과실이 크지 않나 싶습니다. 구매한 기간이 많이 지나 어쩔 수 없이 입겠다만은 이건 아닌지 싶습니다. 전에 구매했던 옷이 이뻐카키색도 다시 구매할까 싶었지만 동생이 재구매한 옷 보고 마음 싹 살아졌습니다. 많이 판매하세요!
246,1000537634,추천안함,별로 완전 ㅡㅡ가격에 비해 옷은 정말일반 보세옷보다못한 질이에요 사진이랑 넘틀려요 귀찬히아서 그냥 나두네요 으ㅠ 부들부들하지않고 거칠해요
247,1000537634,불만,털이 장난아니게 빠져나와서 같이입은옷까지 앙고라로보여요 ㅠㅠ 
248,1000537634,불만,폼이 너무 큽니다! 사진을 티안나게 찍으셨네요ㅡㅡㅋ 반품하기 귀찮아서 그냥 입습니다 구매하실분 참고하세요 
249,1000537634,불만,생각만큼 이쁘지는 않앗어요.. 
250,1000537634,불만,진짜 앙고라 털 엄청 빠집니다 저 겉에 블랙코트 입었는데 털 다 묻고 옆에 있는 친구 잠바에도 장난아니고. 디자인은 괜찮은데 이렇게 털 많이 빠지는거 알았으면 구매 안 했습니다. 
251,1000537634,불만,11월달에 구매해서 제가 입은걸 보고 1월에 동생이 구매했습니다. 동생집이 멀어 물건잘받았겠거니했는데 동생집에놀러와구매한옷보고표정진짜일그러졌습니다. 제가샀던때와는길이감이완전짧구요 
252,1000537634,불만,털날림이 너무 심해요 절대 구입하지 마시길 
253,1000537634,불만,포토샵이 완전 사기수준이네요 귀찮고 네이버페이 삼만원 생각해서 반품 안하는ㄱㅓ지 허접하네요 니트도 앙고라 거의없고 핏은 그냥 뻣뻣해서 너무 커서 핏 이상해요 
254,1000537634,불만,별로에요ㅜ 
255,1000537634,불만,사진보다 길이는 짧고 통은 엄청크네요. 
256,1000537634,불만,가격대비별로네요...앙고라라고해서 엄청 부드러울줄알았는데..목부분이 잘안늘어나는 재질이라 입고벗기도불편 ㅠㅠ 
257,1000539732,불만,생각보다 어깨선이 바깥에 있고 품이 작은편이에요!!앞부분에 주름이 없어서 옷 태가 살짝 아쉽네요 
258,1000539732,불만,"옷은 너무너무 예쁘고 만족스러운데... 타사이트에서 33,500원에 판매되는걸 보게되었네요. 같은옷을 8,500원 더 비싸게 주고사서... 검색을못한 제 불찰이겠지요... "
259,1000541502,불만,배송도빠르고퀄리티는대박이였는데ㅡㅡ어깨쪽에싸인펜인지뭔지뭍어있더라구요 당장입을꺼라급한대로 퐁퐁으로지웠는데 그래도조금남았더라구요 일부러이런걸보낸건아니겠죠?옷살펴보고 보내주셔야죠 
260,1000541502,불만,색이똥색에다가. ...소매가 깔끔하지못해요....휴 
261,1000541502,불만,늦게 오고 어깨 부분 달려있는것도 꼼꼼히 안달려 있어서 떨어져서 달랑 거렸음 조금 실망 
262,1000541502,불만,블랙색상 허리끈이 너무 짧아서.. 묶을수가 없네요 싼티가 이런데서 납니다. 저렴하니 참고 입어요.. 
263,1000541824,추천안함,"별로임 예상한 핏아님. 163,,49키로임 종더루즈한핏원했는데 이건그런스타일은 아님.. 작년에 샀던거랑같을줄알았는데 ㅜㅜ 가격도더비싼데 옷은 별루 ㅜㅜ"
264,1000541824,추천안함,ㅡ 길이감도 짧고 키 163임 핏감도 타이트하고 통통55사이즈임 그냥 티셔츠인데 쭈글쭈글해요 ㅠㅠ 실망
265,1000541824,추천안함,더 저렴한곳이 있음 택배비 정도 저렴한곳이 있네요. 다른 똑같은 상품도 그렇고.. 두장살거면 찾아보고 살껄ㅜㅜ
266,1000541824,불만,목부분이 쪼글쪼글해서 생각보다 별로에요 
267,1000541824,불만,아니 작년에 구매했을때 길이가 길어서 너무 좋아서 다시 같은데서 주문했더니 받자마자 입어보니까 엉덩이도 안덮어요;; 예전꺼랑 길이 재어보니까 말도안되게 짧게 짤라 보내셨네 최악 
268,1000541824,불만,배송엄청느림 
269,1000541824,불만,후회합니다 
270,1000541824,불만,물건에 잉크 묻어와서 반품 신청했는데 진행도 안되더군요. 주문하고 배송도 오래 걸리더니 하자 물건에 글 남겨도 연락도 없고 인터넷 구매 해본 곳 중 최악입니다 
271,1000541824,불만,넘 두껍고 크네요 
272,1000541824,불만,생각보다목도안파져있고 
273,1000541824,불만,밑단처리가 안되어있는 제품이네요 ㅠ 돌돌말려요.... 원단은 뻣뻣하고 두꺼워여... 
274,1000541824,불만,배송느리고 생각보다 타이트함 
275,1000541824,불만,배송느리고 생각보다 타이트함 
276,1000544077,불만,다른곳에비해 비싸고 길이도 마니길구 
277,1000545076,불만,입을때도발목부분넘힘들고 잠깐입고벗었는데~손이까맣게~최악 
278,1000551694,불만,배송이 아주 느립니다 
279,1000551694,불만,겉 재질이 싸구려 같아요 안감이 퍼로 제작되어 환불이 안된다는 말이 어이가 없어서 또한번 놀라고 갑니다. 
280,1000551694,불만,디자인은 괜찮은데 아주 옷을굽허게만드셨나봐요 실밥처리가엉망이고 대충박음질해서 삐뚤하고 오래기다린만큼 실망스럽네요 너무 대충 후다닥만든거 너무티남 반품궈찮아서 그냥입음 
281,1000555967,추천안함,소재는 좋아요 근데 사이즈..정말.. 모델분이쁘시죠..전 아니네요..거지같아요..누더기옷같아요. 뭐가이리 큰가요. 163이예요..팔 길이 검지중지약지. 손톱만 살짝보일정도로. 길이기가 엄청나네요. 수선비 주실건가요? 그럴거아님. 사이즈좀만들어주시죠.! 모델 얼굴이 다 한 옷이네요
282,1000555967,추천안함,모델 핏에 속음 절대 저 핏이 나오지 않음. 키 170넘는 다소 마른 성인 남자가 입었을 때도 꽤나 루즈핏임.
283,1000555967,불만,너무 크네요..프리사이즈 샀는데 허수아비된 느낌 이예요.. 
284,1000555967,불만,"가격이 너무 저렴했는데 다 이유가 있었어요. 고퀄리티? 뭘 말씀하는지...ㅠㅠ 코트 재질 완전깜짝 놀랐어요. 얇고, 카라 주름은 잘 안잡혀서 구겨져 있고..ㅠㅠ "
285,1000555967,불만,별로에요 얇고 지금딱 그가격때 재질 
286,1000555967,불만,배송너무느림.옷은.쏘쏘 
287,1000555967,불만,아니 양쪽팔 둘 다 머에 찍힌자국이 나잇는데 이런상품를 보내면 어떡합니까;;;진짜 물건을 제가 늦게 뜯어바서 반품은 못햇지만 진짜실망 
288,1000555967,불만,생각보단 별로 
289,1000555967,불만,싼티팍팍팍팍 
290,1000555967,불만,가격이 파격적이라 배송이 2주나 걸린건 이해하겠는데요그럼 상품이 완벽해야되는데 아니 손쪽 바느질을 삐뚤게 하면 어떻하라는거에요ㅡㅡ수선비 또 들게생겼네요.... 
291,1000555967,불만,12일만에 받았네요... 생각보다 별로에요. 일단 얇고 무거워요. 그러나 재질은 부드럽고 가격대비 좋은것같아요. 
292,1000555967,불만,너무 커서 입을 수 조차 없음 
293,1000560532,추천안함,이상해 옷보고 깜짝놀람 아래는 무겁고 위에는가볍고 원단은 싸구려원단인지 겁나 반짝거리고 진짜 이상함
294,1000560938,불만,아..이거 무릎늘어나고 하체통통인데 키는작아서 잘랐더니 못입겠어요ㅠㅠ 
295,1000560938,불만,레깅스맞나싶네요 제가 가죽레깅스2개가 잇는데 진짜 이것처럼 신축성이 없는 레깅스는 첨이네요 55입는분들도갠신히입을듯.. 제가키가작은데도 밑위가 너무 짧구요 냄새도 너무나구요 
296,1000569830,추천안함,최악 내 생애 최악의 쇼핑몰. 일단 배송은 일주일걸렸으며 늦어도 사과한마디 제대로하지않음. 직원들 서비스도 완전 엉망임. 서울인줄 알았으면 그냥 쫒아가는건데. 그정도로 화가났음. 본인들이 언제보내겠다고 말하고도 안보내서 증거들이밀고 따지면 사정이있을수있는거아니냐고하고 택배는 하루만에도착한다고 철썩같이 약속하더니 또 2일뒤에옴. 너무 화나서 쇼핑몰하고 톡톡으로 싸워보기는 진짜 처음. 두번다시는 이 쇼핑몰에서 구매안함. 옷도 오자마자 털 왕창 빠짐 밖에서 내놓고 10번은 털었음. 그외에는 목 후크라고하나? 그것도 꽉 안조여짐. 너덜너덜해서 입고있다보면 목이 고정이 안되고 흘러내림. 다른데서 그냥 좀 더 제대로된거 사입어야겠다생각함. 사진도찍어올릴수있음.
297,1000569830,불만,털빠짐 있네요 
298,1000578688,추천안함,얇아요 배송도 느리고 똑같은 제품이 단추가 빠져서 재구매한건디 똑같은 제품인데 여기는 빵빵하지고 않고 얇아빠졌네요
299,1000578688,추천안함,싸구리 싸구리입니다 싸구려...정말 별루입니다 솜도 이상함 따뜻하긴함 ㅋㅋ 암튼 비추임!!다시한번생각해보세요
300,1000578688,불만,???...음 진짜 싼게 비지떡입니다. 
301,1000578688,불만,별루요.. 
302,1000578688,불만,음....너무 화이트라 고급지게 보이진 않네요ㅜㅜ 아이보리였으면 하는 아쉬움의 바램입니다... 집앞에 나갈때 입을까합니다ㅜ 
303,1000578688,불만,ㅜㅜ검정이 더 나을것같아요 부분부분 충전재 양도 불규칙하고 너무 싼티 나요..ㅜㅜ 
304,1000580258,불만,상품은 그냥....몇번입고말것같아요 귀찮아서 반품은 안했는데 ㅠㅠ 후회하고있습니다.입고나갔더니 촌시럽다며 소매부분과목부분이..ㅠㅠ 그래도 비싸게 주고사서 몇번은꼭입어야겠는데.... 
305,1000583138,불만,사진으로보기보다 훨씬빈티나요 반품귀찮아서 그냥 입어요 
306,1000586541,불만,사기꾼들이네 반품했는데 환불도 안해주고 벌써 한달 다되어가는데 구매 확정해버리네요 담당자 전화좀 하시죠 
307,1000586541,불만,공짜로 줘도 못 입을것같네요 
308,1000586541,불만,배송느림 옷재질 그닥... 
309,1000586541,불만,"보기보다 밝은 편이네요, 2센티 정도 올이 풀린 부분이 있어요. 배송 좀 걸려요. "
310,1000586541,불만,물건 보내지고 않고서 물건보냈다고 문자한통 남기고 구매확정이라니 배송조회도 안되고 사기당한 느낌이네요 연락도 안되 !!! 
311,1000586541,불만,배송이 많이느리네요 
312,1000586793,불만,그럴줄 알았어요 역시 해드아니에요 저렴해서... 아닐것같단생각은했는데 반품 귀찮아서리 계절도 그렇구 
313,1000588159,추천안함,충전제 뭉침 세탁 한번에 충전제 다 뭉치고 펴지지도 않음 넘 아까워 일회용도 아니고 어째 .
314,1000588159,불만,옷은 괜찮은데 안쪽에 털들이 검정옷입으면 옷들이 다 하얀게 변해요 웰론솜이라고 하는거 같은데ㅡㅡ 너무 심하게 나온거 같아요 
315,1000588159,불만,안에 솜털 다빠지고 모자에털도 다빠짐 배송만빨름 반품하고싶은데 귀찮아서 그냥입음ㅎ 
316,1000599722,불만,털빠짐 현상 있음. 흰 바지 혹은 밝은 계통 옷이랑 같이 입으려면 드라이 한 번 하고 입기 추천 
317,1000612747,불만,옷이 이뻐요 
318,1000612747,불만,핑크색 이쁘대서 샀는데 진심ㅋㅋㅋ후회중 재질도약간 싼티나는데 색깔이 진짜 아동복싼티색깔 근데 돌돌니트산건너무맘에듬..이상품은 핑크는좀..ㅜㅜ 
319,1000612747,불만,상품평믿고구매했는데좀그래요.세탁전에분명꼼꼼확인했는데세탁하고나니앞쪽에구멍이보이네요ㅠㅠ.이건뭔가봤더니실매듭이묶어져서실이늘어져서구멍이있네요.뒤쪽도아니고앞이라니....이거집에서입어야하나요 
320,1000612747,불만,속이비칠정도로얇아요ㅜ별로예요ㅜ 안에껴입어야겠어요 
321,1000612747,불만,품이 크고..길이는 짧고 목부분은 희한하네요 그레이가 소라색같구..쌍맛에 걍입습당 
322,1000613440,추천안함,zbahabshhzgzg zbXhahshahshabshdhxhhxgsbsbshshshzhshshsawczvshshshshwwfwgehejeddjdhsgsagzudhsuwhdvshdyjzhsuwhshagzgzbdjfbtuvjcbsb
323,1000613440,불만,가방이고 머고 간에 배송을 진짜 거지같이 해주네ㅡㅡ 
324,1000624061,추천안함,사이즈가 잘못왔어요 급해서 신고나갔는데 뭔가 헐거워 보니 245가왔네요..40인데.. 40이왔다면꽉맞았을거같긴하지만 신어보니240을신었어야될것 같아요 그리고 인터넷 상으로 봤을땐 어느 의상에든 다 소화될 수 있을것 같았는데 그렇지는 않아요 여러모로 실망했어요 ㅠ
325,1000627892,추천안함,그닥요 넘 거대하네요 못입을거같아요 털도 많이 빠지고 입으면 마치 곰새끼같다는... 반품하고 싶네요
326,1000627892,불만,글쎄요 세일폭이 딴데보다 크길래 저두삿는데 일단은 엄청나게커요 털빠짐은 세탁소 한번맞겨보구 다시봐야될일이지만 고양이한테 우산씌운것같음 주머니없애구 좀 줄일려구 수선집갔는데 안되대요 
327,1000627892,불만,가격대비 별루입니다 
328,1000627892,불만,제옷이 이상한건지 일자핏이 아니고 주머니 쪽이 부각되서 튀어나와요. 옷도 무겁고 흡사 불곰한마리를 연상시키는 핏이네요 .. 마네킹 체형이신분은 잘어울리실것같네요 
329,1000633837,불만,오버핏 이라고 했는데 안에 두께감있는 니트 하나 입으니까 소매부분은 꽉 째는 느낌나구 기장은 엉덩이 반절도 안가려 집니다 아마 모델분이 키가 작으신듯해여 
330,1000634301,추천안함,배드배드 생각햇던거 보다 핏도 별로고요 치수는 정치수 보다 한치수 크게 입어야 할거 같네요 ㅠㅠㅠㅠ
331,1000634301,불만,엉덩이가 너무 늘어짐 
332,1000634301,불만,ㅠㅠ별로에요 
333,1000634301,불만,제가 다리가긴편이 아닌데 바지가 조금짧네요 사진만큼 이쁘지도 않고 저는 배송도 오래걸렸네요 저처럼 엉덩이가 큰편이신분은 이바지 잘안어울리실거같습니다 
334,1000634301,불만,배송이 일주일 걸렸습니다ㅜㅜ 
335,1000639773,불만,"평이 좋아서 샀는데, 솔직히 좀 별로예요. 품도 크고요~ ㅜㅜ 55사이즈 인데 허리 끈 조여도 전체적인 핏이 너무 크고 이상해요 ㅠㅠ "
336,1000674697,불만,그냥 면티를 칼로 구멍낸듯..세탁하면 망할듯 
337,1000767236,불만,이 가게옷들은 예쁘긴한데 다 까칠까친함....ㅜㅜ너무심각하게 재질좀.... 
338,1000767236,불만,여기 가게 옷들은 다까칠하네요 예쁘긴한데 
339,1000771717,추천안함,배송이 매우 느림 네이버 페이에서 사는 제품들은 항상 배송에 문제가 많군요 지마켓이나 11번가에 비해 기본 3-4일은 늦는 듯
340,1000771717,추천안함,블랙색상구매 냄새가좀 나는거같아 받자마자 세탁을햇는데 깜짝놀랐어요. 검정색이 너무많이빠져서ㅠ 메이드인 차이나입니다
341,1000771717,불만,배송이 매우 느림 
342,1000771717,불만,생각보다별로 
343,1000771717,불만,받자마자 입으려하니 목부분 올이풀려 다 뜯어짐 
344,1000771717,불만,가격만큼 하네요 
345,1000793091,불만,물건 받기까지 9일걸림 이렇게 오래걸린거 처음이라 물건이 좋아도 기분이 안좋아요 
346,1000793091,불만,마른55가 입기에는 사이즈가 너무 크네요 소매도 너무 넓어요 
347,1000804282,추천안함,드거움두꺼움더워못입음돈아까워 두꺼움 돈아까움 더워못입음 돈아까움 내돈도ㅓㄴㄷㄱㅅㄷㅈㅂㄴㅈㅅㄴㄷㅈㅎㄹㅈㅅㄹㄷㄴㄱㅎㄷㄴㅅㄴㄷ
348,1000804282,추천안함,너무너무두꺼워요 이거 너무너무 두껍네요 그리고 엄청크고 엄청나게 길어요 안에 이너나 여름에 입으려고했는데 그냥 잠옷으로나 입어야할꺼같아요 ㅠㅠ
349,1000804282,추천안함,생각했던것이 아니네요 이너용으로 산건데 생각보다 품이 있어서 입기가 힘들어요ㅠ 딱붙는 핏을 원하시는 분은 생각해보고 구매해야할듯 해요
350,1000804282,추천안함,"처음엔 몰랐는데... 처음에 봣을 때는 이쁘다고 생각했는데 세탁기 한 번 돌리고 나니까 먼지가 잔뜩 묻어나서 좀 그렇네요. 다른 검은 티들은 이렇게 먼지가 묻어난적이 없었는데.... 일단 한번 입고 빨았으니 반품은 못하고, 잠옷으로나 입어야 할 것 같아요/"
351,1000804282,불만,ㅅㅈㄷㅂㅅㅈㄷㄹㅅㅈㄷㄴㄱ멈첨ㄷㄹㄷㄴㄱㅅㅊㅅㄹ 
352,1000804282,불만,사진이랑 달라요. 박시해요. 사진은 타잇한대 왜 다르죠? 
353,1000804282,불만,별로에요 .. 
354,1000804282,불만,바지랑 티 주문했는데 레깅스에 구멍이 나있었요 종아리부분 .. 다시교환하는것도 그렇고 해서 꿰매서 입었어요 물건 검수를 철저히 해서 보냈음 합니다 
355,1000804282,불만,너무두꺼워요 
356,1000804282,불만,오천원이면 지하상가에서 살수 있었을텐데... 
357,1000804282,불만,반품 고민 엄청하 그냥 뒀네요... 여름바지라지만 너어무 얇네요ㅠㅠ 
358,1000804282,불만,좀 별로인듯 
359,1000804282,불만,역시 살을빼야해 골반쪽은 붙고 어깨는 떡대 
360,1000804282,불만,하단심하게말림 
361,1000815667,추천안함,비추 일반 상품평 했더니 글자 제한이 있네요. 사실 상품평 잘 안남기는데.. 다른분들 참고하시라고 올립니다. 구입한지 한달 정도 됐고 진짜 솔직히! 이 돈 주고 살 옷은 아닌것같습니다. ㅠㅠ 라쿤퍼 값이라 하기도 뭐한게 털 아랫쪽에 패딩같은 덧댐으로 덧대어 있어 더 커보이는거지 퍼 자체인건 아니예요. 그 덧댐패딩 덕에 모자가 너무 무거워서 옷이 어찌나 뒤로 넘어가는지 오픈해서 입음 하필 안쪽 왼쪽가슴쪽에 큰 흰색라벨이 붙어 있거든요? 그게 훌러덩 다보일정도로 넘어가서 난감합니다ㅡㅡ 사실 삼십돈이면 중저가 브랜드에서 가볍고 훨씬 예쁜 패딩 살걸그랬지 후회돼요ㅠ 요즘 거위털로 된 아웃도어도 이십이면 사던데 말이죠..안쪽 패딩도 빵빵한게 아니고 나 패딩일껄? 정도의 충전이 되어 있어 이번에 추운날 입고 나갔는데 그냥 추웠습니다.. 모자는 털에 덧데어진 패딩덕에 머리에 쓰는건 추장이 되는길이구요.. 이 옷 처음 입고 회사 간 날은 진짜 온직원이 짠듯이 절보고 실컷 웃더구요 ㅋㅋㅋㅋ 털 때문에 산적같다고ㅋㅋㅋㅋ 오래 기다려서 받은옷이라 기대가 컸는데 실망이 더 크네요ㅠ 일단 돈 아까우니 입자 해서 몇차례 입긴했는데 내년에도 입을진 모르겠네요ㅋㅋ...
362,1000815667,추천안함,"차라리 브란드 패딩 살껄.... 털이 정말 어깨 아플정도로 커서 무겁구, 일단 모자를 쓸 수 없는 핏이네요. 모자는 거의 정식품 ..검정에 흰털했더니 털이 정말 정난아니게 빠져서 털이 떼어지지도 않고 .. 잠바 자체는 거의 솜패딩 수준이라 춥고 ... ㅠㅠ 반품하고싶어요"
363,1000815667,불만,"배송이너무느려요, 늦어도너무늦고 별다른연락도몇번안오고약속한날짜도어기고 "
364,1000815667,불만,이가격에 2주 넘게 기다릴바엔 차라리 브랜드세일을 기다리세요!!! 쓰레기정돈 아니지만 퀄리티 완전 별로!!! 
365,1000815667,불만,기다린만큼 보람은 있지만 사은 선물로 주신 머리끈은 너무 허접해요!!!!이게 뭡니까 줘도 욕먹는경우가 이런경우예요..진짜 허접합니다!!내심기대햇건만...너무하네요 
366,1000815667,불만,배송진짜 너무느리네요ㅋㅋ 심각할정도로 
367,1000815667,불만,아직 제품을 받지도않았는데 무슨 구매확정? 
368,1000815667,불만,"넘~~~늦어도 넘~ 늦어요~~ 십대,이십대들이 좋아하는 듯~~~해요. 저는 별루라 반품하려고 했는데 아이들이 예쁘다고 해서 입기로 결정했어요~~~ "
369,1000815667,불만,카키 화아트퍼 받았는데요. 이건 퍼가 그냥 일반퍼같아요.그레이받았을땐 엄청 풍성해서 너무좋았는데. 이건 납작하고 볼륨이없음ㅜㅜ 판매자님은 친절하셨지만..퍼는 정말 반품하려다 말았 
370,1000815667,불만,사진상 퍼색상하고 다르네요 
371,1000821163,불만,"어깨끈부분에 구멍나있어요, 교환하기 시간아까워서 그냥 제가 꿰매입을께요 "
372,1000827375,불만,38000원에서 34000원 할인한다고해서 구매했는데 제품텍에는 34000원 적혀있네요..ㅠㅠ 결국 제값주고 산거군요..기분상의 문제죠.. 옷은 맘에드는데 좀 그러네요..ㅠㅠ 
373,1000840104,추천안함,키큰사람은비추 다리긴 168인데.바지.너무짧아요 8부도안되는거같아요 ㅜㅜ 반품하기귀찮아 그냥여름에입으려구요..ㅜㅜ
374,1000840104,추천안함,그냥그래요 사진보다는 실제 좀 그냥그래요 길이도 넘짧고 그래서 핏이 그닥 이쁘게나오는거같진않아요~스판끼는잇음
375,1000840104,불만,옛날에 샀던거 맘에들어 다시 재구매 했는데 재질이며 사이즈완전 다른바지네요..무릎에있어야할 구멍이 바지입으면 허벅지에 위치해있어서 입지도 못하겠고 반품하자니 너무 늦어 그냥 둡니다 
376,1000840104,불만,생각보다 별로 
377,1000840104,불만,키164 몸무게 54인데 m사이즈주문했습니다 길이가 아주 짧아요. 다리가 짧은 편이 아닌데 다리짧아보입니다 
378,1000840104,불만,안이뻐요.. 
379,1000840104,불만,"아..원단이..하루입었더니,.무릎나오네요😣 "
380,1000840104,불만,예쁘고 편한데 빨리 늘어나느거같아영 ㅠ 
381,1000840104,불만,길이가 짧아요..ㅠㅠ 제가 키가커서그른가바요 
382,1000840104,불만,그냥자냥. ㅠㅠ 
383,1000840104,불만,작아요 ㅠㅠ 
384,1000840104,불만,화면속 색상과는 많이 다르네요 날씬한분들이 입어야 이쁜핏이 나올듯... 
385,1000843826,불만,가방받는데 3주도 더 걸렸습니다 
386,1000843826,불만,절대 사지 마세요 이거 가방에 본드가 묻혀져 있는걸 보내지 않나 교환해준다더니 일주일이 지났는데도 택배 아저씨는 안보내고 연락도 씹고 잠수타지를 않나 일처리를 왜이렇게하는건지 
387,1000847608,추천안함,"다른건좋은데 이건별로 입자마자 목이 숭 들어가네요 약간 목늘어짐있는것같아요 
평소친구들보다 목두꺼운데도 목이 짱짱하지가 않아요  후기보면 짱짱하다는데
제껀 목이 헐렁해요 그리고 목쪽에 미세오염도있어요 하얀색이라 그렇다하지만 이건아닌것같아요
배송도 늦어서 짜증났는데  반품하려다 귀찮아서 입어요  담부터 기본티만 구매할래요  "
388,1000847608,추천안함,"12000원주고 사기 아깝네요. 그냥 면티입니다. 
  면티 싼거 몇장 큰거사서 레이어드 하는게 낫겠네요@#!(@)#(!@#(@!(#!@#)!@_)$!@$+_@_$+!@_$!@$# "
389,1000847608,불만,속았어속았어 
390,1000847608,불만,면이 너무 얇습니다. 그래서 빨면 좀 줄어듭니다. 목은 그냥 팔소매부분처럼되잇어서 잘늘어남니다 힘이없습니다. 스트릿패션에는 좀 아닌것같습니다. 
391,1000847608,불만,배송 느림니다 
392,1000847608,불만,너무 커용 프리사이즈라 했는데 키 180이상은 되야할듯 
393,1000847608,불만,별로네요 후회함 
394,1000847608,불만,12000원주고 사기 아깝네요. 그냥 면티 싼거 사서 레이어드 하시는거 추천합니다. 
395,1000847608,불만,목이 잘 늘어나고 품질 별루... 
396,1000847608,불만,박음질과 목이 잘 늘어나요~ ㅠㅠ 
397,1000847608,불만,XL 사이즈 티셔츠가 온거 같네요 
398,1000858398,추천안함,안돼 배송받는데 너무 오래걸려요 안좋아 넘 안좋아 밖에는싸우고 난 이건 안보낸다구 싸우고 ㅋ 안전웃겨따
399,1000858398,추천안함,"택배가 늦음 아 택배가 늦어요 주문한지가꽤돼서 왔어요 심지에 아직 안온것도 있어요 이러다가 겨울지나겠어요,"
400,1000858398,추천안함,싼게 비지떡 그닥 추천하고 싶지 않네요.. 슬림하지 않고.. 그냥 작은 느낌입니다.. 재질도.. 그닥이고..싸게 입고.. 할려면 구매하시고.. 저는 한번 입고.. 걸레로..
401,1000858398,불만,그냥그래요 
402,1000858398,불만,배송느림.... 
403,1000858398,불만,보기보다 작네요.. 그리고 너무 싼티남 
404,1000858398,불만,배송이 넘 느림 
405,1000858398,불만,배송이 너무 늦네요! 
406,1000858398,불만,늦어요 택배가... 
407,1000858398,불만,크기가 색상 모두. 별로 
408,1000858398,불만,기대감이 너무 컸었나봐요...ㅠㅠ 따시긴 겁나게 따셔서... 땀이 주르륵 주르륵 나네요... 
409,1000858398,불만,싼게 비지떡 
410,1000858398,불만,완전 실측사이즈랑차이있나보네요 클줄알앗는데작네요 
411,1000876798,불만,배송매우매우느립니다 
412,1000881227,추천안함,잠옷으로쓸거아님 잠옷으로 쓸거아니면 사지마세요 진짜 엄청 싼티나고 뻣뻣하고 무겁고 냄새나고 되게 입으면 불편한 느낌이엇음 배송도 1주일 넘게 기다림 잠옷으로도 못삼 히트텍이 12천원인데 그거살껄 후회됨
413,1000881227,추천안함,왠만하면 사지마세요 옷이 재질이 얇은 수건같고 진짜 읍어보이고 싼티남 배송도 엄청느리고 진짜 싼티 좔좔 흐르는 아참 냄새도 엄청 이상함
414,1000881227,불만,진짜 최악의 쇼핑이엇음 
415,1000881227,불만,옷이 되게 이상하고 싼티진짜남 재질이 얇은 수건 같음 배송도 드럽게느리고 차 앞유리 걸레로 쓰려구요 
416,1000881227,불만,최악이네요 싼티 
417,1000881227,불만,최악이네요 싼티 
418,1000881227,불만,작은듯해요 
419,1000881227,불만,작은듯해요 
420,1000881227,불만,등쪽에 신용카드만하게 울이 나가서 비치네요ㅡㅡ 옷보내실때 확인하고 좀 보내주세요!!! 
421,1000881227,불만,배송매우매우 느립니다 
422,1000883390,불만,신발은 이쁜데 한쪽 신발이 마감처리가 완전 드럽게 되서 좀 기분이 별로네요. 
423,1000883390,불만,너무 싸구려 같아 보여서 동네 다닐 때나 신어야 될 거 같아요 뒷굽이 키높이 굽인가봐요 😢 키높이 굽인 줄 알았음 안샀을텐데... 
424,1000887349,불만,교환 기간 너무오래걸림 
425,1000887349,불만,배송이 15일걸림 제품 딱 가격정도 
426,1000887349,불만,작음ㅜ교환해야하는데 시간이없네ㅜ 
427,1000890093,불만,신발을 신고 걸을수가없네요 . 자꾸 벗겨지고 불편해서요. 사람이 신으라고 만든 신발맞죠? 2주넘게 기다린신발인데 허무하네요 
428,1000897501,추천안함,바지약함 허벅지절개실밥잘벌어짐 키 백육십일에 몸무게 사십칠키로임 바지길이좋음 근데 옷이약해서 허벅지실밥풀릴듯
429,1000897501,추천안함,키 168-170 이상분들은 비추천 저 71에 55키로 평소사이즈s입궁 허리26인데요 길이 참고하세요ㅋㅋ입고당황했습니다. 모델분바지랑 제가입은바지랑 같은거맞나요? 제 다리가 긴거겠죠?^^ 진짜 반품원하지만 택부터뜯고 입는바람에 반품도 못하고 그냥 집앞 슈퍼갈때나 입어야겠네요ㅋㅋ
430,1000897501,추천안함,생각보다 안입어지네용 음...다리라인이진짜이쁘신분만입어야할듯해요 무릎이 약간나온편인데.. 그거때문인지 굉장히 라인이안이쁘게 나오네요 ㅠㅠ
431,1000897501,추천안함,뚱해보여여 날씬한편은 아니지만 모델이 입은거하곤 다르네여;; 옷이 더 뚱뚱해보이네요;; 그냥 대충 입어야겠어요
432,1000897501,추천안함,짧아요 168인데 7부바지 같아요 9부생각했는데ㅜㅜ 밑 절개도 뷰츠컷은 아니구 일자에 절개들어간거에요..막 이쁘진않아요ㅜ환불구찮아서 입는정도
433,1000897501,추천안함,L사이즈 입으시는 분들은.. 안이쁠수도 있단 생각이 들어요ㅎㅎ 저같이 긴바지가 원래 잘 안어울리는 하체는 더욱더 단점이 부각되네요ㅠㅠ 170인데 다리가 넘 짧아보임..
434,1000897501,추천안함,이상함 일자바지라그런가 흘러내림 골반이는맞는데 바지가 뭔가뭔지모르게이상함 이상함 반품기간도지나서 그냥 구리방신세 다른사람줘야겟음
435,1000897501,추천안함,"ㅂ3튼실 하체분 비추천 키166-52 평소 55사이즈나 27입음,M구입허리 살짝크고 스판기 많음 .하체튼실하지만 평소 이정도는 아닌데 모델핏에 혹해서 ㅜㅜ다리완전 짧아보이구 허벅지 장난 아니구 .편한거 빼면 ㅜㅜ반품귀찮아서 상체비해 하체부실한 170동생 줄라구요"
436,1000897501,추천안함,음 레깅스 같은 바지를 원하시면 ㅇㅋ인데 저는 살짝 뻣뻣한 데님류를 원했어서.. 망이네요. 스판기가 너무많아서 입긴 편한데 살을 못 잡아줘요. 다 튀어나옴 ㅋㅋㅋ
437,1000897501,불만,바지가한달넘게안온다고 저나를해도 연락도안되고 지금 머하는겁니까. 
438,1000897501,불만,다른 구매평에 속았음요 다리가 날씬하지만 짧아보임요ㅠ 
439,1000897501,불만,허리가 너무 잘 늘오어나요 
440,1000897501,불만,160 48키로 인데 길이가 짧은편이고 라인이나 색상임사진같지 않네요..반품귀찮아서 입어요.. 
441,1000897501,불만,키 171.55키로 허리사이즈26. 입자마자 칠부바지산줄..왜이렇게 바지가 짧은건가요..입고나서 완전당황..모델분이 입으신 바지는 길이가 다른건가요? ^^; 
442,1000897501,불만,택배물건받지두 못햇어요 
443,1000897501,불만,완전 다른 바지가 왔네요 
444,1000897501,불만,길이너무 짧아요 구부로보이는게아니구 작아서 없어보미 
445,1000897501,불만,26이나27인데 s사이즈 딱맞아요. 스판 좋아요. 근데 키가 155라 저한텐 10부네요. 입기 꺼려져요. 사이즈55인데 키가작아서 그런지 허벅지가 두꺼워 보여요. 
446,1000897501,불만,생각보다 별로... 
447,1000902913,추천안함,화면과다른듯 그닥별루네요 화면빨인지 별루예요 생각보다 두껍고 질이 그리 좋지는 않네요 날싸해보이지도 않고요 제가 날씬한데도요
448,1000902913,불만,생각했던 재질은 아닌거 같아요 허리가 너무 커서 그냥 수선해서 입을려구요 ㅠㅠㅠ 
449,1000904279,추천안함,"바느질이 터진 곳....제가 긴급 수술했어요 -_-;   배송은 그럭저럭..
핏을 생각해서 스몰로 주문했는데 핏은 사는데...팔뚝 가녀린 내 팔이 저린다. -_-; 안에는 얇은 브라우스나 티 하나 입고 걸쳐야겠다. 무엇보다 불만인 것은...안감 겨드랑이 부분이 터져 있던 것..반품도 교환도 귀찮아서 그냥 긴급 수술했다. 이런 것은 좀 사전 검토하고 보내줬음 하는 아쉬움이 있다.
그리고 라벨이...너덜너덜...옷도 구깃구깃...이거 꼭 보세인 것 같은 느낌..
일부러 그런 것이면 성공했다.
팔뚝이 조금 굵은 분은 고려해서 사이즈 선택하길.
 "
450,1000904279,불만,댓글평보고 샀는데.. 기대가 컸나 봅니다. 옷은 그저그래요.. 
451,1000904279,불만,별로예요 . 반품 귀찮아서 그냥.... 
452,1000904279,불만,배송 괜찮았구요. 상품은 별로 
453,1000904279,불만,배송은느리고 구김은너무많고...내가 이러려고 구매한게아닌데.... 
454,1000904279,불만,주문은 분명M사이즈 했었는데.L사이즈가 왔어여 입소문듣고 주문했는데 아쉬웠음..겨드랑이 밑에 바느질부분도 꼼꼼하지 못하더라구여..반품 귀찮아서 그냥입으려구여.. 
455,1000904279,불만,너무 늦게 와서 불만입니다. 
456,1000904279,불만,스타일은. 이쁜데. 바느질이 영~~신경좀 써줬으면 좋켓네요..반품. 귀찮아. 구매확정은하은데. 찜찜~~~ 
457,1000904290,불만,가격대비 넘 이뿐군요 근런데 아이보리색을 주문했는데 화이트가 왔어요 판매자 문의 글 보냈는데 답두 읍군요 
458,1000904801,,
459,1000905948,추천안함,"필요치 않은 스판은 굿입니다 사진과 달라요. 역쉬 모델의 힘이란,,,,전 모델이 아니였던거죠. 반품하려했는데 시간이 없어서 못했네요. 어딘가에 처박혀 있겠죠."
460,1000905948,불만,칭찬후기가많아서주문한건데 마감처리가 좀 안좋아요 단추구멍 다막혀있어 그걸 칼로 뚨다가 ㅜㅠ 박음질은진짜로~~~미싱으로 여러번박음~~진짜 로~~ 
461,1000905948,불만,반품 못해서 그냥.... 
462,1000910618,불만,싼티나요 ..ㅡㅡ 
463,1000910618,불만,요즘 날씨에 가볍게 입기에 좋네요...두께감도 적당하고 스타일도 예뻐요..그러나 판매자님에 고객 응대는 정말 마음에 들지 않네요. 
464,1000916680,불만,주머니 단쪽에 마감이 잘 안되있네요;; 이미 입어서 반품은 안될거 같고 수건맞겨야 겠네요;; 
465,1000917205,불만,보기보다 질이 많이 떨어집니다. 돈을 더 주고라도 좋은 제품을 사는게 더 좋을 듯싶습니다. 
466,1000918759,추천안함,퀄리티마니떨어져요 역쉬싸고조은건없나바요 받은옷은정중앙에올튀어잇고 니트로써올이튀면무형지물인데... 교환하려다 성격상 안입고말지하느스탈이라안햇어요
467,1000918759,불만,아~급후회되는옷 구매하면서도 왠지..ㅜㅜ 
468,1000918759,불만,별루에요 아 팔 너무길고 이건....싼값하네요 배송비 아까워서 그냥 입는듯 
469,1000918759,불만,통이 너무 커서 이상해요 색도 까만피부인 저에겐 정말 최악이네요 
470,1000918759,불만,이거 이쁘다고 올리신분 이해가 안됨 
471,1000918759,불만,사이즈장난아님... 아는 뚱뚱한사람한테 걍 줘버렸음 
472,1000922391,추천안함,모델핏은 절대...ㅠㅠ 옷이 완전 붕~~~ 뜨네요. 택배온거 던져뒀더가 환불기한도 넘겨 어쩔수가 없네요. 어떻게 사진찍으면 저래 나오지???
473,1000922391,추천안함,별로에요 평이하도 좋아샀는데 소매도 짧고 불편해요 옷도 너무벙벙하고 스타일 안사네요..ㅜㅜ 요즘 그냥 옷걸이에 걸려있네요
474,1000922391,불만,생각보다 별로에요ㅜ 윽.. 상품평이 너무 좋게 적혀있길래 의심없이 구매했는데 좀 실망인 제품이네요ㅜ 너무 커요ㅋㅋ 
475,1000922391,불만,배송은 엄청 느리고....옷은 또 엄청 크네요... 엄마입는대서 그냥 구매확정... 
476,1000922391,불만,키작은분은 비추 . 크기도크고 길기도길고 ㅋㅋㅋ 반품하려다 동생이입는다해서 동생줬어요ㅋㅋ 소재도 생각한거랑틀리고 색상도 좀어정쩡 ㅡㅡ 암튼 별로에요 . 
477,1000922391,불만,반품 귀찮아서 걍 입어요 ㅠㅠ 
478,1000922391,불만,완전 별로에요 싼티나고..핏도 별로 
479,1000922391,불만,ㅏㄷㄴㄱㅂㅅㅈㅇㅅㄴㅂㄱ 
480,1000922391,불만,배송완전느림 정말 늦음 전화하니 불친절 내가이걸왜샀지싶음 
481,1000922391,불만,엄청 크고! 엄청 부해보이고! 주머니가 무릎쪽에 있어요ㅋ키 160에 55좀 안됨ㅋ 싸게사서 걍 입기로했어요ㅋ근데 주머니에 뭐 넣고 꺼내려면 웃김ㅋㅋㅋ주머니에 손가락만들어감ㅋ 
482,1000922391,불만,배송 겁나오래걸림 입으니 뚱뚱해보임 
483,1000922391,불만,배송최악 ㅡㅡ 진짜 오기로환불안하고받았는데엇도별로 우비같고 별로에요 
484,1000923153,불만,푸대자루느낌 키큰사랑은 그나마 봐줄만함 
485,1000923153,불만,어깨끈 자꾸 흘러내려서 신경질 나서 못 입겠음 ㅠ 
486,1000927328,추천안함,비싸요 ㄴㄷㅈㅅㅂㄴㄷㅈㅅㄱㄴㄷㅈㅅㄱㄹㄷㅈㅅㅋㅌㅈㅅㅂㄱㄷㅈㅅㅂㄱㅌㅈㅅㅂㄱㄷㅈㅅㅂㄱㄷㅊㅂㄱㄷㅊㅂㄱㄷㅈㅅㄱ
487,1000927328,추천안함,"가격대비 별루... 질도 그렇고...화면이랑 많이 달라요..색감,핏....다른옷이 온줄 알았어요 반품하기 귀찮아 그냥 입지만 비싸게 산거같아 그냥 그렇네요"
488,1000927328,추천안함,"서비스가 완전별로네요 택배 느리고 통화않되고 문자 답장없고 전화번호는 왜적어두셧는지 모르겟네요
5일전 재품 3개 구입했는데 재품하나는 어제 달랑쪽지 하나 남겨놧네요 취소되엇다고..
옷도 별로고 이때까지 여러 쇼핑몰에서 옷을삿지만 여기만큼 배송느리고 문의안되고 불량한곳은 없었는데 여긴정말 별로네요
이뻐서가아니고 택배비 아까워서 반품 안합니다 "
489,1000927328,불만,똑같은 바지를 다른이름으로 19000원이나 비싸게 파네요 
490,1000927328,불만,작년쯤사고마음에들어 하나더샀는데 재질도달라지 두깨도얇아지고 색깔도좀연해지고 아쉽네요 
491,1000927328,불만,신ㅂㄷㄴㅈㄱㅈㄱㄷㄱㄷㄴㄷ 
492,1000927328,불만,옷은 이뿌지만 교환처리 고객응대는 꽝이네요 
493,1000927328,불만,한진말고 다른택배이용해주세요 하도 안오길래 물어봤더니 경비실에 맡겨놨다고....ㅡㅡ 맡겼으면 연락이라도 해주던가....참내.... 옷핏이랑 색감은 너무 좋네요 
494,1000927328,불만,길이가 너무 길어요... 172 70 키로인데 바지밑단이 약간 크네요 
495,1000927328,불만,이걸 반품 할려다 그냥 구매확정합니다. 주머니 구멍이 뻥 뚫려져 있어요. 청바지 구멍내다가 같이 갈아버린 모양이네요. 주머니는 내가 바느질 해서 입어야 될듯 
496,1000927328,불만,솔찍히 그닥 배송만빠르고 보는것과 다르고 누기 입고 반품한거 보낸듯한 비주얼 무료반품이었으면 바로반품인데 반품비 아깝다 솔찍히 귀찮기도하고 귀찮은데 이건 쓰게됨 퉤 
497,1000927328,불만,생각보다 별로에요 
498,1000927328,불만,배송느리고 통화않되고 문자 답장없고 전화는 왜있는건지 모르겟네요 5일전 재품 3개 구입했는데 한재품은 어제서야 원단 불량으로 취소되었다네요 옷도 별로네요 택배비아까워서 걍 입습니다 
499,1000929070,추천안함,"그저그래요 평이 좋아서 구매했는데 
별로이네요 
아래 부분이 울고 있어서 좀 싸보여요 
그리고 재질도 그냥 그렇고 "
500,1000932396,추천안함,ㅠㅠ 완전 아니예요...가격이 저렴해서 주문해봤는데 아니나다를까...ㅠㅠ 정말 입지도못하는상품이왔네요.구입한지 한달이넘었는데 한번도안입었어요....ㅠㅠ 두번다시 저렴한옷사면 인간이아니라는....ㅠㅜㅜ 돈아꺼워~ㅠㅠ
501,1000934575,추천안함,배송꽝!!! 이렇게 느린배송은 처음이네요 취소하기 귀찬아서 내버려 둿더만 과간이네요 늦으면 늦는다 문자정도 보내주지도 안고 게시판에 문의하니 그제서야 연락오구 그후로도 오래걸리니 에효 ~~~~완전 불만족입니다
502,1000934575,추천안함,배송 품질 다별로 배송도 되게많이 기다렸거둔요 사전공지도 없다가 문의하니 그제서야 늦는다하더니 아빠가 동네에서 입을용으로 사달라셔서 주문한건데 넘 싼티나서 못입겠다고 환불해달라셔서요 엄마가 보더니 무슨 작업복같대요 귀찮아서 그냥 제가입어요 l 구매햇는데 55인 저한테는 좀박시하고 66이 입기엔 적당할듯해요 천도 굉장히 얇고 딱봐도 싼티나요 싸서 고급은 기대하지않았지만 어른들은 못입을정도로 별로에요~
503,1000934575,추천안함,작아요 그냥그럼 작음. 반품 한다고 했는데 배송기사 안와서 걍 입음. 아무리봐도 105 가 아님 다른 셔츠랑 비교해봐도 아님. 팔과 몸 기장이 짧음. 이런게 핏감이 아님...그냥 작은거
504,1000934575,불만,별로네여 생각보다 
505,1000934575,불만,늦어요 배소미 
506,1000934575,불만,실측과 차이가 좀 나네요 
507,1000934575,불만,첫재품은 불량이 오더니 두번째는 박음질이 제대로 안된 옷이 왔네요 귀찮아서 작업복으로 쓸려고 합니다 추천 드리지 않습니다 
508,1000934575,불만,배송완전느림 
509,1000934575,불만,배송이너무느리고 고객이직접물어보고 서비스불만 
510,1000934575,불만,개 쓰레기 제품 개 쓰레기 배송 다신 엘남자 안산다 
511,1000934575,불만,정확히 2주일 걸렸습니다 재고 없는데 판매하면 안되는거 아닌가요? 어느 제품 어느 사이즈가 품절인지 그런걸 고지해야지 소비자 우롱하는것도 아니고 뭐하는건지모르겠네요 옷은 괜찮습니다 
512,1000934575,불만,이렇게 느린배송이 있다니 놀랍습니다~~여름옷 사면 가을에 입겠네요 
513,1000934575,불만,배송이 느려서 ㅡㅡ 
514,1000936787,추천안함,"일단 여긴 불량 확인을 안한다 바지 잠구는 단추가 떨어져 있는 것도 아니고 아예 존재하지 않는 제품을 보내 놓고서
불량 확인을 했는데 미쳐 놓쳤네요 라고 말한다
근데 내가 호구라서 수선집가서 단추사서 내돈 내고 수선을 한다
옷 자체는 이쁜 편이다
근데 온라인 몰 자체가 제품확인을 하지 않는다는게 모든 장점을 없애버린다.
 이렇게 확인안하고 많이 팔아 번창하세요 "
515,1000936787,추천안함,"뭐야,, 화면상이랑 트임 와싱이 달라 구제느낌이 없음
 배송이 많이걸려서 판매물량이 많은만큼 이쁘겠지 했는데
 이걸 누가 이렇게 사는거야 할정도로 실망
 구제청바지느낌 전혀 안납니다.
 반품귀찮아 그냥 삽니다.
 그리고 청바지 허리가 다른정바지 사이즈에 비해 큽니다.
 사실려면 한치수 작게 사세요
 헐렁헐렁 벨트없이 못입겠음 "
516,1000936787,불만,전에. l싸이즈 샀다가 커서 재구매. 했는데 이번에 온건 비슷하긴 한데 옷이조금은 다르네요 밑단도 와이드도 아닌거 같고. 반품 귀찮아서 그냥 입습니다 
517,1000936787,불만,마감 진짜 엉망입니다 가위로 다 잘라냈네요 거짓말 없이 실밥 튀어 나온것만 15번은 넘게 잘랐습니다 그냥 막입으려 산거라 그냥 입지만 두번은 안살듯하네요 
518,1000936787,불만,괜찮아오ㅡ 
519,1000936787,불만,어정쩡해요 
520,1000936787,불만,괜찬은데 사진하고 좀틀리네요 
521,1000936787,불만,별로이 너무크고 
522,1000936787,불만,상품이 단추도 없는데 내가 호구라서 단추사서 수선집가서 달게해서 입는다 
523,1000936787,불만,사진보다색상차이도심하고 질도많이차이가나네요 
524,1000936787,불만,사진이랑다름 별로임 ㅜㅜ 
525,1000936787,불만,너무별루네요이거너무한거아님???? 
526,1000953958,추천안함,색상이.. 바지핏은이쁩니다. 그런데.. 색상이 사진과다르게 너무 흐리네요 잘 안입을것같아요ㅜ 다른분들구매할때 참고하세요 판매자분은 친절하고 좋으신것같아요
527,1000953958,불만,바지핏은이뻐여.. 그런데 색상이 사진과다르게 물빠진것처럼 너무연하네요ㅜ 제가 원하던색은아니네요 
528,1000953958,불만,사진과달리 너무진한 청색으로 왔음 
529,1000962030,불만,하루 입고 담날 보플 생김요 
530,1000963667,추천안함,카고블랙 교환끝에 받은 바지 입어봄 너무두꺼움 안그래도 두꺼워서 더운데 블랙임... 그냥 겨울에 입어야할듯
531,1000963667,추천안함,"참 일처리 뭐 같이 하네요. 물건구매후 사이즈안맞아서 사이즈 교환 해달라고 했더니 교환택배가 15일만에 오지를않나.. 15일만에 가져간 택배가 이후 7일동안 오지를 않아 전화했더니 뜬금없이 반품환불 신청이 되었다는 말도 안되는 소리를하지를 않나 ㅋ 물건구매후 교환접수총10번 가량 통화를 하면서교환이라고 수십번을 야기했건만.ㅉㅉ 모르면 메모라도 하셔서 일처리 하시길 바랍니다 뭐도 아닌일로 사람 신경한달동안 쓰이게 하지말고요,"
532,1000963667,추천안함,음... 박음질 상태가 들쭉날쭉하네요 편하긴 편합니다만 그런작은 부분의 퀄리티가 필요할듯 합니다 근데 조만간 사타구니 터질거 같은 느낌...
533,1000963667,추천안함,카모차콜 색상 사실분 참고하세요 사진 상으로는 회색빛이 나는 카모바지로 생각할수있는데 막상 받아보면 거의 바탕이 물빠진 카키색상입니다. 차콜색 처럼 회색빛으로 생각해서 사시면 낭패봐요~ 첨에 색상이 잘못왔나했습니다. 교환하기 귀찮아 그냥 입는데 할인가격으로 안샀음 바로 반품했을꺼에요~ 그렇치만 사이즈나 핏은 좋아요.
534,1000963667,추천안함,덥네요 제 불찰이긴 하지만 생각보다 두껍네요 ㅋㅋ 여름에 나갈때입으면 땀많이날꺼같네요 ㅋㅋㅋㅋ 환불하기 귀찮아서 걍 입고 더 싼거찾아슈 리넨밴딩조거팬츠샀어요 얇은거 찾으시는분 비추
535,1000963667,불만,금액에비해 넘무 떨어지는 제품입니다 모델과 같은 신체 조건이라 M주문 짧고 터질것같고 뻣뻣하고 엉망입니다 교환 귀찮아서 저희 어머니 핫바지로 드렸습니다 
536,1000963667,불만,똥꼬바지인가? 허리랑 길이랑 차이가 왜 이렇게나는지 칠부인줄 최악 
537,1000963667,불만,ㅠㅠ 다른데로가버렸네여 
538,1000963667,불만,두꺼워서 땀띠날듯 
539,1000963667,불만,교환한바지도 작네요.싸이즈텝만바꾼건지 바지주머니도 뒷주머니랑 박음질이 같이되있어서 이게 옷인가싶네요 
540,1000963667,불만,배송이 너무 느림 
541,1000963667,불만,배송이 1주일걸렸네요 .. 
542,1000963667,불만,별루에요ㅠㅠ 
543,1000963667,불만,사진만보면 낭패할수도 있음 
544,1000963667,불만,사진만보고사면 안됨 
545,1000963882,불만,사이즈m구매했는데 L지로 이걸다시교환하기도반품하기도 . 어떡해이런실수를 
546,1000963882,불만,색상이나 길이감은 괜찮은데 가격대비 엉덩이라인이나 다리라인이 별로 이쁘지가 않아요... 보통 27입는데 m사이즈 허리는 뒤에뜨고 골반은 딱맞네요.... 
547,1000967996,불만,양쪽주머니박음질이달라서주머니크기가달라요ㅜ 급하게입어야되서입었는데 가격대비별로 
548,1000977353,추천안함,그냥 그래요 원단이 톡톡하고 디자인도 깔끔한데 한번 소매랑 밑단에 올풀림이 장난이 아닙니다 입고 다닐수가 없을정도에요 가위로 다 잘라냈는데도 계속 나오네요
549,1000977353,추천안함,노답 올 풀리니 노답....이걸 왜 두개나 샀을까...한번만 입었는데도 올 풀림 땜에 답이 없습니다
550,1000977353,추천안함,비추 한번 입으니 올이 다 풀리고..팔이야 수선집가서 박으면 되는데 넥부분 노답 밑단도 딱 상체길이라서 수선 맡기면 짧아질거 같고
551,1000977353,불만,무겁고 별로에요 
552,1000977353,불만,무겁고 별로에요 
553,1000977353,불만,재질이 별로에요 
554,1000977353,불만,별로에요 옷을 대충 만들은듯 밑부분 가위로 대충 잘랐나 마감도 제대로 안되있네요 
555,1000977353,불만,구매평에 올이 엄청 풀린다더니 진짜 엄청 풀려요ㅠ 
556,1000977353,불만,소재는탄탄하나 마감처리없는 컷팅으로 실밥이장난아님 먼지도엄청남 핏보고 샀으나 바지에 자꾸 묻어나는 실밥과 먼지로 자주입진 못할듯함 
557,1000983917,불만,이렇게 클줄몰랏어요 
558,1000989621,추천안함,구매한지 한달되었는데요 한달만에 끈이 닳아서 꽉 여며놔도 5분만 매고 다니면 금세 입구가 크게 벌어져요. 도난당할 위험이 너무 큽니다.. 여민후 매듭을 지으면 좀 덜한데 열고닫기 너무 불편하구요 가방이 너무 축 처져서 무게중심이 밑으로 치우쳐서 물건을 많이 넣기 어려워요 그리고 가방 입구의 자석여밈도 무용지물이에요ㅠㅠ 가방 매는순간 튿어져버립니다 디자인이 마음에 들어서 샀는데 그냥 평범한 백팩을 사는게 실용적일것 같아요ㅜㅜ
559,1000991859,불만,그다지어여 
560,1000991859,불만,화면이랑 색상도 상이하고 그냥 그렇네요 
561,1000991859,불만,색이 완전틀리네요 완전 물빠진 색이네요 
562,1000992459,불만,딱 한시간도 아닌 십분신고 아이 학교올라왔는데 옆에 실밥 풀리고 그지같애서 벗어던져버릴래다가 바자회에 임원이라 참고신고있었네요ㅎㅎ 
563,1000992459,불만,신발 진짜 모양은 이쁜데ㅡㅡ끈처리좀ㅡㅡ짜증나서 디질뻔 
564,1000997201,불만,진짜 스판 1도없네요 깜놀ㅋ 날씬이가입으면이쁘겟어요 
565,1000997201,불만,핏안이뻐요 다리 짧아보이네요 
566,1000997201,불만,허리는 크고 통은 작고 이바지 입으려면 살빼고 벨트해야겠네요 
567,1000997201,불만,아오 kgb택배아저씨 전화도안하고와서 문짝떨어져나가는줄ㅡㅡ! 꽝꽝꽝 두들기고 벨누르고 아오 빠른건 좋은데 매너좀... 
568,1000998460,추천안함,"옷은 예쁨니다만 저는이옷이 두벌째구매입니다 처음세일할때구매하고팔에구멍난옷을받아서 교환하기로하고물건을보낸지한달만에 카드취소가되었더라구요.판매자에게전화해서여쭤보니직원실수라며재구매하랍니다근데금액은8천원정도오른후였죠,그래서 오른금액으로다시결제하라고하더라구요..이게..제대로된 대처인지..뭘믿고그렇게장사를하는지..참"
569,1000998460,추천안함,오머나 고객 응대를 정말 똥으로 하는 센스가 가득한 옷가게 ^^ 번창 하세요 꼭
570,1000998460,추천안함,장사 운영을 이런식으로 하나요?? 돈냇으면 그만 물건은 안보내주고 ㅡㅡ 전화를 준다 했으면 약속을 지키던지 뭐 이런식으로 넘어가면 그만 인가요 한달째 사람 갖고 장난질
571,1000998460,추천안함,헐 한달이 지나도 소라색 티는 입고 되면 보내주신다더니 ㅡㅡ 댓글 보니 소라색 받으신분도 있는거 같은데 ㅡㅡ 이건 뭐 장난 하시나??? 이런식으로 장사 하세요???
572,1000998460,추천안함,옷은예쁘지만 배송.고객응대가넘 미흡합니다 옷은 예뻐요 여러개깔별로 주문할만큼요~^^ 단 배송과 고객응대가 너무 답답해서 좀 힘들었네요.. 판매자측도 주문폭주로 힘들고바빳겠지만 좀더신경써서 일처리 해주셨으면 좋았을텐데 많이아쉽네요. 소라는 한달동안 물건못받고 결국 취소했어요 이과정에도.. 운송장번호 알려달라문의했는데 운송장도모르시고.. 배송누락에 문의한거 답주신다고 한건 절대 먼저 연락안주시고.. 계속통화중에.. 문의답변도없고.. 결국 네이버페이 고객센터 통해 구매취소했어요 많이 답답했습니다. 다른분들 주문하실꺼면 저처럼 속썩이지마시고 차라리 맘편하게 한달정도 여유가지고 주문하시면 좋을것같아요 ~
573,1000998460,추천안함,배송진짜 오래걸림^^^^ 인내심 강한 사람만 구매하세요^^ 3주 가까이 기다려서 받았음 심지어 상품 보내지도 않고 운송장 번호 올리고 상품 보낸걸로해놔서 취소도 안되고 그 상태로 2주 가까이 상품이 안옴^^^ 이렇게 똥줄타게 상품기다릴줄이야^^^^ 아 신나^^^ 옷은 가격대비 비쌈^^^^ 그리고 옷이 얇고 비치는데도 더움 색은 화면보다 어둡고 약간 보라빛이 도는것같음
574,1000998460,불만,옷은 이쁜데 배송이 너무너무 느렸어요 
575,1000998460,불만,별루예요ㅠ 
576,1000998460,불만,옷은예쁨니다 하지만 단골이될생각은전혀없읍니다 판매자 대처가 엉망인 집입니다 
577,1000998460,불만,6월30일에 주문하고 아직 못받았는데 연락도안되고 송장번호도 잘못됬다고 하네요 확인해주세요 
578,1000998460,불만,다비칭 뚱뜬ㅇ학ㅂᆞㄷ임 
579,1000998460,불만,상체 44인데 그렇게 루즈한핏이아니에요 
580,1000998460,불만,옷은 괜찮아요~ 소라는 6.22에 주문해서 7.20까지 못받아보고 결국 취소했네요~ 이과정에도 여러번 문의남기고 전화하고.. 답준다더니 연락없고 운송장도모르시고 많이 번거로웠어요 
581,1000998460,불만,배송 한달반걸림 
582,1000998460,불만,"배송 진짜 오래걸림 대체 배송 빠르다는 사람이랑, 배송 지연된다고 전화 받았다는 사람들은 뭐지ㅡㅡ 3주 가까이 기다려서 받았음 옷은 가격대비 비쌈 "
583,1000998460,불만,와 보름넘게 걸리고 상품에 비해서 가격은 대따 비싸고~~언니 넘 많이 남긴다ㅋㅋ 
584,1000998692,추천안함,그냥 디자인만 생각하면 사세요 가격이 터무니없이 비싸네요. 진짜 저렴한 질입니다. 2~3만원 사이어도 전~혀 저렴하지않아요..발송준비만 며칠이 걸리고..도착까지 일주일넘게 걸렸네요. 딱 디자인만 본다면 구매하시길.. 그리고 품이 큰편이라 키 작은분들은 고민 좀 하시구요
585,1000998692,불만,...가격에 비해 질은...진짜 저렴... 
586,1000998692,불만,급하게 입어야해서 오자마자 불량없는지만 확인하고 세탁했는데ᆢ 뒷쪽에 셔링있는 디자인이랑 고민하다가 안감도 있길래 이걸로 선택했는데 너무 크네요~ ㅜㅜ 
587,1001008588,불만,허리가 너무조여서 아프내요 55사이즈 인데 너무 아파요 
588,1001008588,불만,허리 사이즈가 너무 작아요 ㅡㅜ 프리사이즈면 좀 넉넉해야지 이건 모 배 쫄려 죽을것 같이 고무줄이 너므너므 타이트해요;; 
589,1001008588,불만,생각보다 별루입니다 
590,1001008588,불만,생각보다 별루입니다 
591,1001008588,불만,생각보다 별루입니다 
592,1001010740,추천안함,"배송이 정말 엉망진창임 배송 지연 사유에 대해서 아무런 알림이 없고,
 질문게시판에 글을 남겼더니 전화까지 해서 그 다음날 배송이 시작된다고 했는데
 이틀뒤에 배송이 되었음..
 덕분에 친구꺼까지 2개를 주문했는데 친구랑 저랑은 모임에 다른 옷을 입고 가게 되었네여
 그리고 질문게시판에 먼저 글을 남기기 전에 미안하다는 말 한마디가 없네여.
  주문하시고, 주문한걸 잊었다 생각하실 수 있는 분들만 주문하시길..
  그리고 옷이 생각보다 루즈핏 혹은 박스핏쪽이 아니라 슬림핏쪽에 가깝네여
 통통, 뚱뚱하신분들은 주문하시면 후회하실듯.
 특히나 팔뚝쪽이 엄청 슬림하게 나왔네여.
  그리고 소매 안감이 본옷보다 길어서 옷을 입으면 안감이 밀려서 밖으로 계속 나오네여
 정말 보기 싫을 정도로여.."
593,1001010740,추천안함,"배송이 정말 엉망진창임 배송 지연 사유에 대해서도 아무런 알림이 없고, 
 질문게시판에 글을 남겼더니 전화까지 해서 그 다음날 배송이 시작된다고 했는데
 이틀뒤에 배송이 되었음..
 덕분에 친구꺼까지 2개를 주문했는데 친구랑 저랑은 모임에 다른 옷을 입고 가게 되었네여 
 그리고 질문게시판에 먼저 글을 남기기 전에 미안하다는 말 한마디가 없었네여.
  주문하시고, 주문한걸 잊었다 생각하실 수 있는 분들만 주문하시길..
  그리고 옷이 생각보다 루즈핏 혹은 박스핏쪽이 아니라 슬림핏쪽에 가깝네여
 통통, 뚱뚱하신분들은 주문하시면 후회하실듯.
 특히나 팔뚝쪽이 엄청 슬림하게 나왔네여.
  그리고 소매 안감이 본옷보다 길어서 옷을 입으면 안감이 밀려서 밖으로 계속 나오네여
 정말 보기 싫을 정도로여..
   "
594,1001010740,추천안함,마감 엉성하다못해 막했네요 소매 안감이 본옷보다 길어서 옷 입으면 밀려서 저따구로 입어집니다. 정리하고 입어도 내가 불편함을 느낄정도로 안에 안감이 둘둘 말려잇는 상태가 되고 주머니는 단추에 걸려서 손을 쫙 필수없습니다. 주머니 잇는 위치에 단추를 박아놧어요 소재 길이 핏 원단 다 괜찮은데 박음질같은거를 걍 발로 햇네요 급해서 반품 안하지만 가을 다 지나가는 판에 사면 후회하실 겁니다.
595,1001010740,추천안함,윽 박시한 것도 정도껏이어야디.. ㅠㅠ 너무 커요 바바리맨같대요.... 한번입고 안입네여...
596,1001010740,추천안함,실망 디자인 소재무난한데 박음질이나 옷 전제척으로 정상인걸보내주셔야지 오른팔이들어는가는데 팔이나올구멍이없어요 말됩니까ㅡㅡ
597,1001010740,불만,색깔도 예쁘고 배송도 빨랐어요 
598,1001010740,불만,배송이 정말 엉망진창임 
599,1001010740,불만,배송 진짜 엉망진창임.. 
600,1001010740,불만,싼티 너무나요. 입지못함. 호평 어디서 이렇게 많은지. ㅠㅠ 속앗네요 
601,1001010740,불만,색이 생각보다별로 
602,1001010740,불만,마감 쓰래기네요 
603,1001010740,불만,너알가보ㅗ모ㅠ 
604,1001010740,불만,옷이 너무 구겨져 있어요...딱 그가격으로 보이는..ㅠ 
605,1001010740,불만,배송도 오래걸리고...받고나니 상품 뜯어져잇고 다시 교환해서 받은 상품에 또 문제잇네요 사진찍어 올려달라고 하는데.... 정상제품 받아 입으려면 봄 다 지나겟어요 
606,1001010740,불만,디자인 쏘쏘 후기도반반이엇는데 저에게온상품 오른쪽팔을넣으면 소매로나와야되는데 안감이나 안에 작업이잘못된건지 팔이 나오질않아요ㅡㅡㅡ 이게뭡니까진찐 
607,1001012304,불만,괜찬아요 만족합니당 
608,1001012304,불만,구매하고 배송중에 추가세일 이네요. 재질에 비해 비싼편인것같어요 입었을때 부드럽게 감기질않고 무거운 느낌입니다 색상은 어두운 소라색. 
609,1001012381,불만,재질구려요 이값도못하네요 세탁기두번돌리면 바이일듯 
610,1001017303,추천안함,"....ㅠㅠ 너무 사진에 기대한듯... 
받아보고 헐..
길이는 엄청짧고 옆으로 넓게 나와서..
이건 정말 난감하네요 ㅋ
저는 비추비추비추 입니다 "
611,1001023455,추천안함,실망을 두번합니다. 색상은 모델사진이 엄청 밝게 나온겁니다. 황토색이라고 보시면 됩니다. 빳빳한 제질도 아니고 많이 두꺼운소재도 아닙니다. 배송은 이틀만에 받았고 옷확인코자 꼼꼼히 살폈더니 목 뒷쪽 중앙부분이 박음질이 안되서 온겁니다. 톡톡메세지랑 상담원연결해서 환불안내 받았지만 핏이 저한테는 괜찮아서 그냥 교환으로 처리했습니다. 공휴일껴서 시간은 더 길게느껴졌고 상품받자마자 꼼꼼히 확인했습니다. 그리고 이틀동안 입었는데요 오늘아침에 보니 주머니 박음질이 저렇게 다 뜯어집니다. 주머니에 돌을 집어넣는것도 아니고 핸드폰밖에 넣는게 없는데 저렇게 다 뜯어진 옷은 처음봅니다. 입으라고 만든건데 4만원 이나 하는 옷이면 그래도 정성껏 만들어야 하는거 아닌가요? 수선비가 더 나오게 생겼네요. 자체불량으로 교환의 상황을 거쳤고 조금 더 꼼꼼히 확인후 상품을 고객에게 보냈겠거니 생각했습니다. 그래서 감안하고서라도 교환을 한것이었구요. 이런 옷이었으면 환불을 선택했겠죠? 여기서 옷도 처음 구매했습니다. 이제 구매 안하게 될것같네요.
612,1001023455,불만,"목뒷쪽 카라부분이 아예 뜯어져 와서 교환을 한번했고 교환후 이상없어 이틀동안 입었는데요,이번엔 주머니쪽에 박음질이 문제네요. 다 뜯어집니다. 수선비만 더드네요. 실망입니다. "
613,1001023455,불만,검수 제대로 안하시네요 왼쪽주머니가 터진채로 왔어요 실망입니다 배송도 너무 느리고요 
614,1001023455,불만,후줄근하네요.. 역시 가격만큼 이군요... 
615,1001024841,불만,배송은 무려 12일씩이나 걸렸네요 엄청 느려요 그렇다고 옷은 그렇게 예쁜것도아니고 딱 그가격만큼하네요 
616,1001024841,불만,색상이랑 소재가 별로네요 
617,1001024841,불만,냄새가심해서세탁했어요 디자인은굿 
618,1001024841,불만,화면보다 별루 ㅜㅠ 옆라인이 안예뻐요ㅠㅜ 
619,1001024841,불만,너무 기대했나봐요.. 재질도 별로고.. 좀.. 대체적으로 헐렁거림 
620,1001027467,추천안함,색깔 샐깔이 더연해줄알앗느데 애매하게 연하고 핏도 부해서 뚱뚱합니다 어깨선도 애매하게 있어서 어깨가 엄청넓어보입니다
621,1001027467,불만,빨았는데도 냄새가 안빠져요 
622,1001027467,불만,ㅋㅋ 이런걸...옷이라고 판매하세요? ㅋㅋ 넘 어이가없다며ㅋ 이런싸구려틱한...싼값일때 알아봣어야햇는데 이런 모델컷 사기샷은 좀 지양해주세요 이집 옷 품질ㅡ신뢰성 제로네요 
623,1001027467,불만,생각보다 별로임 
624,1001031183,불만,받았을때 파스냄새 같은게 심하게 계속나고 생각보다 훠~씬얇아요. 볼펜자국이랑 기름자국같은것도 작게 있어서 기분 별로였어요. 최고는 주름 진짜 엄청!!! 잡힌다는 것. 라인만 이뻐요 
625,1001031183,불만,사진보다 훨 옷이 커요 .. 모델보다 제가 등치는 더 있는거같은데 ;; 어깨가 좁아서 슬림해보이길래 샀는데 반품하기 귀찮아서.. 매우 넉넉한데 그냥 잠구지 않고 대충만 입으려구요 
626,1001034483,추천안함,재질 질떨어짐 인터넷에서 품질좋은 치렝스 맘에든거 고르기진짜힘드네요. 여기저기서 쓰레기재질 좋은마냥 올려놔서 이번에도 또 낚여서 반품했더니 떼지도않은택 뗐다고 막 우겨되서 걍 만오천원 봉사했어요~~
627,1001034483,불만,재질 질떨어지고 고객응대 주인장 죨싸가지 봉사했다고할께요~~ 
628,1001036648,불만,느려요! 그리고 어두워요...! 보정을 너무 하셧어ㅠㅠ 
629,1001036648,불만,지하상가에서 완전똑같은거 9900원에파네요 그자리에서 벗고싶었음.. 
630,1001041432,불만,냄새는 알고 주문했지만 상품의 질이 정말 실망입니다. 마감처리나 스티치가 심하네요.실을 불에 지져서 처리했는데 까끌해요.아무리 저렴해도 이런 제품은 처음이에요. 제 것만 그런건지. 
631,1001041432,불만,이거 옷 냄새 왜이래요? 락스냄새 비슷한냄새가 너무 코를찔러서 페브리즈 100번 넘게 뿌렸시는데도 안없어지고 방안에 이 옷 냄새로 진동을 합니다 어떡해야댐? 
632,1001041679,불만,가방 앞주머니 밑단이 터져왔어요 새가방냄새도 심하구.. 외관상봤을때는 예쁘긴 해요~ 
633,1001041679,불만,받아보고 많이 실망했어요...너무 허접합니다.. 5만원도 안되는 가격이라 반품귀찮아 그냥써요... 
634,1001041679,불만,너무 크고..10대 가방같아요ㅠ 
635,1001051563,추천안함,"그냥 그래요 그냥 그래요 그냥 그래요
 그냥 그래요 그냥 그래요
 그냥 그래요 그냥 그래요
 블랙 화이트 하나씩 샀는데 두개가 사이즈가 다름
 귀찮아서 걍 입음 "
636,1001051563,추천안함,옷이 틀어져있네요.. 재봉과정에서 문제였는지.. 옷이 틀어져있습니다. 확인하고 보내주셨으면 좋았을것을... 수고하세요
637,1001051563,불만,재봉과정에서 문제가 있었는지 옷이 약간 틀어져 있습니다. 검정은 너무 심해서 반품처리했고.. 흰색은 그나마 입을만하네요.. 
638,1001051563,불만,배송늦음.. 
639,1001051563,불만,배송 느리고 제품 잘못옴 반품하고 다시 다시 받는데 10일 걸림 해외배송도 아니고 ... 
640,1001051563,불만,배송 너무너무 느림 다른상품이 와서 제품 받는데 17일 이나 걸림... 
641,1001051563,불만,아주좋아요 
642,1001051563,불만,기존에 샀던 검정색이 사이즈가 잘못나온건지 이번에 산 화이트가 잘못된건지 모르겠지만 두 색상의 사이즈 차이가 심각하네요 
643,1001051563,불만,배송이 지나치게 늦었어요 해외배송인줄.. 
644,1001051563,불만,배송이 지나치게 늦었어요 
645,1001051563,불만,생각보다 별루네요;; 너무 펑퍼짐해요 
646,1001051563,불만,비추 ~ 말리고싶네여 저는 
647,1001054633,불만,너무 발이 아픕니다. 발이 편해야 덜 피곤한데 이것은 불편하고 아파서 신고나가서 잠깐만에 들어왔네요.. ㅠ ㅠ... 이래서 인터넷으로 신발사면 안되나 봅니다. 
648,1001055486,추천안함,불편한 옷 대부분 이런옷은 주머니가 있지 않나요 입고 나가면 손을 어디에 둬야 할 지 민망하고 불편함
649,1001055486,불만,주머니가 없어서 불편함 
650,1001055486,불만,"저의키가168인데, 무릎과발목사이구요, 상체가긴건지,,,입으면똥꼬가끼어요,,,저보다작은동생옷이되엇네여 "
651,1001065324,추천안함,별로 비싼값어치를 할려나 모르겠네요..좀 더신다보면 갈라질듯 해요ㅡ 갈라질까봐 고르고고르고 산건데 실망이네요
652,1001070974,불만,너무다르네요 
653,1001070977,추천안함,별로ㅠ 치마사서 이렇게실망한 상품은 잔짜 반품하기도짜증나네요 허리부분이 어찌나주름이많은지 ㅠㅠ허리가엄청 두꺼워보여요ㅠ최악이야
654,1001070977,불만,진짜별로예요 
655,1001070977,불만,허리 너무 쪼여요 제가 뱃살이 많은건지 
656,1001070977,불만,허리부분이 두꺼워 뚱뚱해보여요ㅠ 
657,1001070977,불만,별로입니다 반품귀찮아 그냥 둡니다 
658,1001070977,불만,ㅡㅡ; 허리가.. 
659,1001074718,불만,빠르긴 한데요.. 솔직히 좀 커서 핏이 안사네요 ㅠ 
660,1001074718,불만,깔끔합니다 
661,1001074718,불만,배송이 엄청 엄청 느려요 
662,1001074718,불만,배송은 일주일 넘게~ 재질은 얇고 비치네요 소매도 너무 길어서 접어 입어요 
663,1001083416,불만,쇼ㅡㄷㄹㄲㄴㅅㅍㄹ 
664,1001083416,불만,이건 솔직히 별로임....그냥 9900원짜리 면티 하나 사는게 나을거 같음 그냥 내 생각임 
665,1001083880,추천안함,시원한소재가아니에요 사진같은핏이나올려면 뒤에 엄청잡아야될듯 합니다 어벙벙하고 옷도 패턴이랑 색도 뭔가틀리고.. 소재도 시원하게 입을소재는 아니에요 참고하세요...
666,1001083880,추천안함,가격대비 사지마세여. 솔직히 얼마전에 2만원주고 산 셔츠랑 별 차이가 없어요 ㅋ 너무 속상해요. 그냥 .. 좀 속상해요 . 가격이 조금 비싼거 같아요. 일반 자켓 비싸니. 이번엔 귀찮아서 그냥 씁니다만. 다른분들은 .. 저같은 실수 하지 않으셨으면 좋겟어요 ㅠ
667,1001083880,불만,상품평은믿을게못되네요... 사진같은핏은 절대안나옵니다 옷이엄청벙벙해요 사진은 무늬가 살짝푸른빛도는데 실제론 살짝아이보리색바탕에 검은무늬입니다.. 시기놓쳐서 반품도못하고아까워ㅜ 
668,1001083880,불만,귀찮아서 반품 안하고 그냥 입지만 가격대비 너무... 좀... 그러네요 로드샵에서 이가격에 옷을 봤다면 안샀을거같아요 
669,1001083880,불만,그냥 솔직히. 가격이 너무 부풀려져잇는거같습니다. 이휴 
670,1001089318,불만,정말 디자인 아니다 
671,1001089318,불만,옷은 완전편하고 그냥고무줄 바지 같아요!!근데 배송이느리고 문의사항에 답변이...쫌그래서... 
672,1001089318,불만,사이즈 커요ㅜㅜ 
673,1001104398,불만,배송은빠른데 흰색 깃부분에 여자비비크림같은거? 혹은쇳물같은거완전묻엇어여 ... 
674,1001107127,추천안함,제가키가커서그런가요.. 제가키가커서그런가 길이가 저한테는 에매하니.. 먼가..ㅠㅠ화면이랑은 다르네요 글구 바지 사이즈대비 타이트해요~
675,1001107127,불만,아무리연휴라지만배송이늦어도너무늦네요 
676,1001107127,불만,두번이나빨았는데도 바지에서 이상한 냄새가 없어지질않음 냄새정체가 도대체뭔지 ㅡㅡ 
677,1001107127,불만,완전 아니네 
678,1001109172,추천안함,낮에 잠깐 사용후 이염된 모습 티입고 낮에잠깐 들고다녔더니 사진처럼 되었어요 이렇게 변하는 가방은 또처음이네요 ;또 디테일에 비해 가격이 비싸네요
679,1001109172,불만,상품받고 낮에 잠깐 사용 후 바로 티에 이염되었어요 그래서 버리게 됬어요 무슨가방이 이염이 이렇게 빠른속도로 되는지 모르겠고요 가격에 비해 상품이 별로에요 
680,1001109172,불만,ㅠㅠ보이내요 ㅎㅎㅎ 
681,1001109172,불만,사이즈 작으면 안예뻐요 참고하세요 
682,1001109172,불만,"반품안되는 상품인지 모르고 구매한 실수도 있지만.제품에 많이 실망해서 글남겨요.일단 색상,회색에 가깝네요.위에 사진 너무 환하게 포샵한듯, 퀄리티 가격대비 별롭니다,길게쓰고싶지만참 "
683,1001115758,추천안함,별로예요 구매하실분들은 신중히 구매하세요 한번 입으면 후줄근해져요 짱짱하지도 않고 대신 덥지는 않아요 그치만 가격이 너무 비싸요 질에 비해 일회용도 별롭니다
684,1001115758,추천안함,실망이예요 후기처럼 좋지.않아요 후기보고 잔뜩 구매했는데 아깝습니다 입기전 다 세탁해서 환불은 어려울것 같아 그냥 입기는 하겠으나 구매하실분들은 참고하세요 한번입으면 후줄근해져요 일회용도 아니고 짱짱하지도 않아요 대신 덥지는 않아요
685,1001115758,추천안함,가격대비 별로예요 시원은 하나 후기처럼 짱짱하지도 않고 보풀도 생겨요 일회용도 아니고 한번 입고 다니면 후줄근해져요 후기가 좋아 잔뜩 산게 후회될 정도예요 실망입니다.
686,1001115758,불만,얇긴한데 시원한 원단이 아니라서 그다지 맘에 안들지만 잘입을께요~~ 
687,1001115758,불만,스타킹도 아니고 레깅스도 아니고ㅠ 
688,1001115758,불만,전 빤딱거리는 레깅스 안좋아하는데 이거 빤딱거려여 ㅠ 안입을거 뻔해서 반품하려고 했는데 반품비도 6천원이나 하고 그래서 걍 팽겨쳐둠. ㅜㅜ 
689,1001115758,불만,여름레깅스라고 하기에는 더워요 
690,1001115758,불만,보기보다는 더워요 
691,1001115758,불만,9부도아니고 크기도엄청커서 마르신분들은 못입을거같아요ㅜ 반품하려다 택배비아까워서 그냥 누구줘야겠어요ㅜ 
692,1001115758,불만,"별로예요.. 그냥 집에서나 신을 수 있는 정도예요. 신축성의 짱짱함이 아니라.. 그냥 레깅스가 늘어난듯한 느낌이고, 집에서 입을 정도에요.. 실망입니다. "
693,1001115758,불만,텐셀 아닌 얇은면같네요 
694,1001115758,불만,얇은 면같네요 텐셀같진 않은 
695,1001115758,불만,텐셀같진 않네요 얇은 면같은 
696,1001116018,불만,생각보다 비침이 심해서 별로네요 
697,1001116018,불만,사이즈가 초등학생 사이즈 정도. . 너무심하네요. . 
698,1001116018,불만,그냥입기는하는데 가슴중간에 속에 안감같은거뭐임 평좋아서산건데 안에 뭐안입고입은웃겨요-.-;;; 잉ㅜ 어정쩡하게 잘려있어서 자세히 안본 제탓이죠뭐 
699,1001116018,불만,생가보다옷제질이안좋음 
700,1001116018,불만,허리가짤아서 불편요 
701,1001116119,추천안함,색깔이 다릅니다. 화면으로 보는 것보다 색깔이 어둡습니다. 그리고 두꺼워서 지금날씨에는 입기 힘듭니다. 약간 펑퍼짐한 감도 있습니다.
702,1001116119,추천안함,별로 핑크 구매했는데 화면보다 색이 어둡고 칙칙해요 받자마자 반품할려고 했는데 구매확정이라 한반도 안입었어도 반품도 안된다고 그러시고 비싼돈주고 장식용으로 걸어놓게 생겼어요 ㅜ
703,1001116119,불만,스프링 니트여서 그런가 생각보다 두껍습니다. 그리고 목 부분이 좁아요 
704,1001117338,불만,폴리우레탄3%라고 되잇는데 3퍼센트대비 스판 좋지않구요. 마지막에 마원단 사진 되어잇던데 마 원단 아니네요. 봉제 마무리 잘 되어있지 않고 무슨약품처리하셧는지 냄새남 
705,1001117338,불만,별루 입니다 
706,1001117338,불만,빨고입어야겠어요 냄새가심해요 
707,1001128364,추천안함,별로에요 별로에요 별로에요 별로에요 별로에요 별로에요 별로에요 별로에요 별로에요 별로에요 별로에요 별로에요 별로에요 별로에요 별로에요 별로에요 ㅣㅣㅣㅣ
708,1001128364,추천안함,별로에요 별로에요 ㅠㅠ 절대사지마세요 별로에요 별로에요 별로에요 ㅠㅠ 절대사지마세요 별로에요 별로에요
709,1001128364,추천안함,추천안함 완전 별로에요 ㅠㅠ 반품하고싶지만 먼지도 겁나떨어지고 짜증나여 절대사지마세요 후회합니다 ㅠㅠ
710,1001128364,추천안함,마감이 문제일까요? 이거 서너번째 빨았는데 세탁후 널때마다 흰 실들이 비듬처럼 엄청 떨어져요 ㅠㅠ 첨엔 그러려니 했는데 솔직히 티셔츠 세탁해서 이런적도 첨이지만 왠지 좀 그러네요. 아주 싼거 시장제품 산것도 아니구...
711,1001128364,추천안함,너무 얇아요 두장 구매 하고 후헤 많이 했어요..반품을 해야 하는데..번거로움에..그냥 돈 버렸어요..두개씩이나..하나 입어 보고 구매 다시 할것을..
712,1001128364,추천안함,너무 얇아요 화면이랑 넘 다르네요..얇아요 얇아도..이케 얇을수가 없네용..정말 얇아서 받아보고 ..놀랐네요..이걸 이가격에..정말 비추입니다..제가 반품 안하는건 번거로움때문에..ㅠㅠ
713,1001128364,추천안함,진짜진짜사지마세요 옷두벌사서 프리미엄평 진짜 느낀데로 써둔거 있습니다.참고하세요. 기다린시간이 아깝고 돈이 아깝고 이것도 옷이라고 파는건지...속았으~~ㅠㅠ
714,1001128364,추천안함,"정말 추천하고싶지 않아요. 163에 50입니다. 옷의 장점은 두께감이 있어 비침이 없다는거 제외하곤 추천하고싶지 않네요.세옷이라 받자마자 울드라이로 가볍게 세탁했어요.여기까진좋았죠. 헹구는순간부터 기절초풍.빈티지가 마감이되있는게아니라 그냥끝단을 잘라놔서 옷가루가 얼마나 빠지던지 개구리알처럼 수없이 빠지더라구요. 헹구다 포기했어요.혹시나해서 오늘 입고나왔는데,..ㅠ앞이 돌돌말려서 올라가고 하단이 푹퍼져있어서 골반도 겁나 넓어 보이네요.두벌이나 샀는데..돈버렸어요.사람이들 티셔츠가 왜져러냐고..배송겁나오래 기다리다 받았는데...진짜 짱납니다.시간버리고 돈버리고.불량있어서 10일날 배송된다더니 불량인건가요.옷들이 원래 이런건가요? 세탁엔 문제없음.홈드라이 저 잘하거든요~~~"
715,1001128364,추천안함,... 반품하기 귀찮아서 기냥 뒀는디..셋장이나 사놓고 안입고있네요..ㅋ 저랑은 안맞는 옷인듯..
716,1001128364,추천안함,... 요근래 쇼핑중 젤 맘에 안듭니다..가격두 그리 싼것도 아니구 무배땜에 3장이나 샀는데 아직 한번도 입지도 않았네요..
717,1001128364,불만,생각보다 너무 싼티나요 
718,1001128364,불만,별로에요 요 
719,1001128364,불만,별로에요요 
720,1001128364,불만,별로에요 요 
721,1001128364,불만,별로에요. 지하상가에서 5000원이면 살 수 있는티? 질도 별로고 먼지가 엄청 나와서 완전 깜놀ㅠ 반품 귀찮아서 그냥 가지고 있어요.ㅠ 
722,1001128364,불만,이상한게너무많이나와요.털어도계속 
723,1001128364,불만,너무 얇아요 
724,1001128364,불만,너무~~~얇아요 
725,1001128364,불만,한번빨았더니 줄어드는듯 1회용ㅡ 
726,1001128364,불만,무지 길이감도 작고 완전 타이트해요.제 키가 166에 56키로 인데 터질것 같아요.가슴도 없는데 
727,1001138595,불만,정전기 일어나서 몸에 달라붙어 불편하네요 
728,1001144151,불만,발이 많이 아파요ㅠ 
729,1001144151,불만,바닥은 푹신하네요 
730,1001146657,불만,색바랜 네이비에 두껍고 완전 별론데요... 사진이 훨씬 이뻐요.. 
731,1001146657,불만,자켓 이쁘긴이쁜데... 밑단 쪽 오른쪽왼쪽 둘다ㅠ 안에잇는 박음질처리 때문인지 자꾸 자켓이 위로 덜렁 올라가요ㅠㅠㅜ 힝....보기시른데 그냥 입어요 ㅡㅡ 대충 만든거같아요 
732,1001147264,불만,사이즈가 쪼매 작아요 
733,1001147264,불만,싸이즈가 조금 작은편입니다. 
734,1001147553,불만,치마단이 너무 부해요. 뚱뚱해보임 까끌 까글 소재표현이 안예뻐요.. 
735,1001147553,불만,못입을옷..돈아까워요 
736,1001147553,불만,배송이 느려서 좀 짜증났지만 옷은 나쁘지 않은데 왜왜 자크가 안올라가지는지 ㅡ ㅡ 신경좀 써주세요 
737,1001147990,추천안함,최악 중에 최악 그나마 다른 제품인 그레이는 어째 저째 입어는 보겠는데 이건 정말 최악이네요 반품하고 싶은데 되면 하고 아님 그냥 버리려구요 사이즈 소재 무엇하나 괜찮은게 단 한개도 없네요
738,1001147990,추천안함,최악 동네 시장 같은데서 파는 5천원 짜리보다 최악입니다 웬만해선 이런 구매평까진 안 남기는데 정말 최악이란 단어밖엔.. 사이즈도 소재도 무엇하나 괜찮은게 없네요
739,1001147990,추천안함,하.. 바지옆라인 실밥이 다터져서왔네요 반품이 귀찮아서 참습니다.. 확인하고 보내주세요 기본적인것들은
740,1001147990,추천안함,별로네요.. 바지가 싼티가 좀 나네요..;; 기대를 한 제가 잘못이겟죠ㅠㅠ? 바지 밑단처리가 매끄럽지 못하고 실밥인가 원단인가 다 튀어나와잇네요;; 이제 저렴한건 잘 못믿겟네요ㅠㅠ
741,1001147990,추천안함,핏이영... 뭐라말해야할지 그냥 시골에서입는 농촌핏..? 수선하는비가더나오네요 비추요 ㅠ모델핏근처는커녕 아예다른바지같아요
742,1001147990,불만,가격만큼 하네요 제품 질이 
743,1001147990,불만,가격만큼 하네요 제품 질이 
744,1001147990,불만,그레이 너무 꽉맞아요... 이건 마른사람이 입ㅇㅓ야겠어요 
745,1001147990,불만,종아리 부분이 너무 작아요 
746,1001147990,불만,프리사이즈인데 옷이 꽉 낌... 평소 55반입는데 꽉껴요 이옷은 작게 나왔는데 프리라고 하는 듯. 아님 55사이즈가 프리사이즈던가. 
747,1001147990,불만,상품평만 믿고 샀다 큰코 다쳤네요 
748,1001147990,불만,상품평만 믿고 샀다 큰코 다쳤네요 ㅎㅎ 
749,1001147990,불만,별로예요.사진을 너무 잘 찍은신듯ㅜㅜ 
750,1001147990,불만,괜춘 근데배송개느렸음. 
751,1001147990,불만,옷가지고 장난침... 배송 열흘넘게걸리명서 이렇다할연락없고 배송중걸어놔서 취소도못하게함 
752,1001150367,불만,완전 가짜비닐티가나는 가방이네요.. 냄새도 머리아프고.. 5만원이 넘는 가방이면 그래도 진짜 가죽인척은 해줘야지... 구매평이좋아서 믿고 구매했는데..해외라 반품할수도없고 
753,1001150694,불만,신발 흰색창에 시꺼먼 먼지? 오염물들이 너무 많이 묻어있어요 신었던것처럼~~반품귀찮아서 그냥 신습니다. 불티슈로 닦았는데도 잘 안지워져서 쫌 새신발같지 않아 불만족스럽네요 
754,1001154350,추천안함,기대했는데ㅠㅠ 생각보다도 더 퀄리티는 별루네용.. 저 똑딱이 부분은 금방 떨어질거같고 박음질한것도 너무 없어보여요ㅠㅠ 한 몇개월쓰고 못쓸거같아요.. 요새 소가죽 카드지갑 많이 보여서 기대하고샀는데 생각보다 너무 실망 ㅠㅠ
755,1001154350,불만,그냥 그래요.. 
756,1001154350,불만,사진이랑 많이 달라요.. 사진은 유광인데 거의 무광이구 색깔도 붉은빛이 많이 도는 사진이랑 다르게 검은빛이 많이 돌구... 테두리도 둥글둥글하지않고 각져있고..ㅠㅠ 
757,1001158964,추천안함,아 아 젠장 종아리도 안맞고 생각하던 핏도 아닌 ... 난 별로
758,1001158964,추천안함,"카키색 매우 불만족입니다 색상이 전혀 달라요
실제 상품은 초록 초록한 카키색입니다
모니터 드립 치지마세요 제가 CRT쓰나요
그래도 입어야지요"
759,1001158964,추천안함,ㅇㅇ 스판 와이드 팬츠는 스판 맞나야? 스판이여도 조금 눌어나 보이는뎅 저희 오빠는 되게 말랏는데잘 입고 다니갯져 뭐 ㅋ
760,1001158964,추천안함,"스판바지네요 마르신분 작은사이즈 입으면 사진같은 모델핏나올것 같네요 제가 177에 70kg인데
M은 완전 스판 쫄바지이고 한치수 큰걸로 교환 했더니 할머니 밭맬때 입는 바지네요
수선해서 입겠습니다.  "
761,1001158964,추천안함,"급하게 막 만드는건지... 카키,파랑 두개시켰는데 두개 사이즈가 엄청차이납니다 파랑은 길이만길고 허리랑 통은작고..같은 사이즈를 이렇게 다르게 만들어도되는건지..혹시나싶어 확인해보니 둘다L사이즈 맞고..허리고무줄 센타도 안맞고 한쪽으로 치우쳐져있고 박음질 후 실밥정리는 엉망이고...신축성좋고 편하긴한데 파랑은 도저히 길이만길고 쫄바지라 반품신청합니다..."
762,1001158964,불만,난 걍그럼 스판은좋은데 여름에 시원한재질 아님 바지가 허벅지에 너무낌 걍그럼 
763,1001158964,불만,재질이 가격이 싸서 그런지 완전 저렴함 
764,1001158964,불만,싼맛에 구매한건데 면 재질이 영.. 동네 할배들 마실나갈따 입으면 좋을듯 화면이랑 많이다름 
765,1001158964,불만,종아리 통이 생각보다 살짝 크긴 한데 옷이 진짜 엄청 편해요!! 
766,1001158964,불만,사이즈가 제각각임 
767,1001158964,불만,"전에 1개 구입, 이번에 2개 구입 총 3개를 같은 사이즈로 구매했는데 사이즈가 어째 다 제각각이네요...ㅡㅡ 회색은 집에서 대충입어야 할정도에요~ 배송비 아까워 그냥 입습니다. "
768,1001158964,불만,때가 엄청끼는 싸구려원단 
769,1001158964,불만,마지막에 받은 검정바지는 사이즈가 너무 크네요.... 같은 라지 사이즈인데 너무 달라요 ... 
770,1001158964,불만,같은옷 두벌 주문했는데..사이즈가 똑같은걸로 주문했는데..서로 비교해보니 사이즈가 틀립니다..실망입니다.. 
771,1001158964,불만,배송이 느리네요 
772,1001160633,불만,사이즈가너무끼네요 
773,1001160633,불만,허접합니다~! 박음질도 핏도 돈값못하는~ 그냥 던져 뒀습니다 
774,1001160633,불만,한달만에 배송 됐어요~~~ㅡㅡ 
775,1001160633,불만,하...혹시 했는데 역시네..그냥 스키니임 
776,1001160633,불만,배송 너무 느려요 첨에 옷에서 냄새 나는거 빼면 이뻐요 핏도 좋구요 
777,1001160633,불만,삿던거중에서제일실망이네요 
778,1001160633,불만,반품하기 귀찮아 그냥입어요 
779,1001162406,추천안함,그냥 그래여 너어어우우응 토투두캬 ㅓ튜ㅠ여ㅕ유ㅠㅇ쟈내쿠ㅜ터텨텨듀ㅠ여 ㅕㅗ유토텨 ㅗㅠ유뎌ㅕ토ㅠ토 ㅕㅑ두ㅠ녀
780,1001162406,불만,흠..제가 175 85 인데도 바지L사이즈가 좀 크네요..특히 밑위 부분 엉덩이쪽이 좀 긴듯해요..이 상품은 필히 한치수 아래주문이 맞는것같고 세탁한번하면 바지 밑단 컷팅 다 풀림 
781,1001162406,불만,색상이 너무 밝아요 
782,1001162406,불만,ㄱㅈㅎㅎㅇㄶㅎㅇㅎㅎ 
783,1001162406,불만,제품의 질은 괜찮습니다. 다만 봉제가 안좋네요...무릎 주름한쪽이 삐뚤어 져있구 허벅지 봉제라인도 한쪽이 안맞네요~~ 
784,1001162406,불만,상품이 불량으로 왔네요 바지에 있는 끈이 완쪽으로 많이 틀어저서 왔어요..반품교환하기 귀찮아서 그냥 입었어요..배송전에 검수 꼼꼼히 하시고 배송하세요 
785,1001162406,불만,색상이 먹색이 아니라 연한 그레이색이네요 싸이즈도 허벙하고 배송도 느리구요 그냥 그러네요 
786,1001162406,불만,배송7일넘게 걸렸어요 
787,1001162406,불만,배송은느림 
788,1001162406,불만,배송이 늦으면 늦는다고 미리 말해주면 안기다릴건데 그거빼고 바지는이쁘네요 
789,1001162406,불만,가성비 안좋음 
790,1001166343,추천안함,사이즈가 작아요 배송은 빨라요.제가 230ㅡ 235 신어서 235 신었는데 225신은거 마냥 많이작네요. 발볼도 좁고 작아서 발이 불편해용 ㅠ 반품귀찮아서 누구주려구요 ㅠ
791,1001166343,불만,사이즈가 너무작게나온거같아요 
792,1001166444,추천안함,그가격 그대로 넘 짧아요 가격 그대류.. 비추입니다 오프라인매장에서 봤다면 안샀을꺼에요 핏도 별로고.. 비추에요
793,1001166444,불만,ㅠㅠ 그냥그냥 
794,1001166444,불만,싼맛에 샀지만.. 그닥 
795,1001166444,불만,별루네요. 
796,1001166444,불만,돈아까움... 너무 짧아서 활용도 크게 없음 
797,1001166444,불만,잘못사서 후회 하네요 길이가 짧아서 못입겠네요ㅠ~ 
798,1001166444,불만,길이짧아 별루야요 
799,1001166444,불만,갠히샀어요싼맛갠히샀어요싼맛 ㅣㅣ짧아허리가너뮤~~ 
800,1001166444,불만,길이가짧아요 ㅠ~ 
801,1001166444,불만,배곱티같어요 길이가짧아ㅠ~~ 
802,1001166444,불만,기장을좀길게하면 더구매할것같아요~색깔별로 몇장더 가지고 싶네요~기장빼고는 괜찮습니다 
803,1001167915,추천안함,생각보다 별로 ㅋ 받았는데 소재가 완전 싸구려느낌의 폴리 200프로!? 좀 실망했어요 입었는데 뭔가 사그락 거림이 있는 소재예요 비추요
804,1001167915,추천안함,사이즈 종아리나 허벅지쪽은 괜찮은데 허리나 골반쪽이 심하게 작아서 아무리 날씬하다해도 입기가 쉽진않을듯해요
805,1001167915,불만,제가 원하던 디자인 이지만 너무 실망 스럽네요 지퍼가 잘못 달렸어요 교환하고 기다리기가 귀찮아서 제가 수선해서 입어야겠어요 좀더신경 써 주셨으면 좋겠습니다 
806,1001167915,불만,키 166인데 바지가 좀 많이 짧아요. 모델 느낌이 나오긴 어렵네요. 그래도 다리긴 분들은 7부 느낌 잘 살려 입을듯해요. 참고로 저는 다른 어울리는 사람에게선물로 ㅠㅠ 
807,1001167915,불만,스판성이없어서불편하네여 
808,1001167915,불만,작아요..158 52인데 너무 타이트함ㅋ 
809,1001167915,불만,판매자분이 초크라고 하시는 그 흰색이 너무많이 묻어있어요. 돈주고산 새옷인데 부분적으로도 아니고 허리부터 주머니까지 전체적으로 묻어있어서 기분이 안좋네요. 
810,1001167915,불만,스판이라고 적혀있어서 구매했는데 1도 없는 낚시제품입니다. 제목 수정하세요 반품하기도 번거로워 아는 사람 줬습니다 
811,1001167915,불만,완전 얇고.. 별루인듯.. 
812,1001167915,불만,스판이 아니네요....후 스판이 1도 없을수가 
813,1001167915,불만,스판아님ㅠㅠ 반품 귀차나 걍 ᆢ 
